Tweet,Sentiment
RT @rexglacer: This is the global climate zealot who told the world yesterday he's going to build a Canadian auto manufacturing empire to sâ€¦,negative
"@CalltoActivism Yep - that's WHY they're in the Trump "" Administration "" ğŸ™„",negative
"@ClownWorld_ This look super cool but donâ€™t try it 

#Elon #zelena #Tommavi #helevier #sstvi #GrandeFratello #uzaksehir #shailenzo #yulioli #bbvipal4 #BBB25Â Â Â #zeudiners #Trump #CabutUUTNI #BUS_BOWWOW_MV  #GranHeramano #à¸„à¸´à¸¡à¸‹à¸¹à¸®à¸¢à¸­à¸™ #Survivor2025",positive
"RT @TrumpDailyPosts: How disgraceful is it that â€œJudgeâ€ James Boasberg has just been given a fourth â€œTrump Case,â€ something which is, statiâ€¦",negative
"RT @Treagle_meme: Support Treagle for the true freedom of DeFi! ğŸ¦…

#Treagle $TRE #Trump https://t.co/W6FKYbxEyr",positive
RT @EFFSouthAfrica: The Economic Freedom Fighters (EFF) strongly condemns Donald Trumpâ€™s nomination of Leo Brent Bozell III as the U.S. Ambâ€¦,positive
"RT @unusual_whales: Reporter: The NASDAQ was down 2% at close. S&amp;P 500 down 1%.  

President Trump: Is that today?

Reporter: Yes, sir.

Prâ€¦",negative
@thedeadlydonald Weâ€™re not mad stern is a joke now. He turned into what he hated most. Now heâ€™s just another liberal douch bag cry baby. We donâ€™t care what stern says weâ€™re winning with Trump. Weâ€™re all Russian agents making America great for Russia.,positive
"RT @NEWSMAX: President Donald Trump on Tuesday signed an executive order modernizing the way the federal government disburses payments, eliâ€¦",negative
"ğŸ“Š Auto stocks fell on Trump Tariffs; U.S. President Donald Trump announced that a 25% tariff on all cars and light trucks imports would take effect next week.

1ï¸âƒ£ ğŸ”µ Balkrishna Industries
CMP: Rs. 2,555
Intraday Low: 4 %

2ï¸âƒ£ ğŸ”´ Bharat Forge
CMP: Rs. 1,155
Intraday Low: 4 %

3ï¸âƒ£",positive
