,n_genes,leiden
GGACATACGTTGTCAAAG,593,10
ACGTTGGTATACAACGCC,480,10
AACCTACTGAAATTTAGG,1205,9
TTCATATTTAGGTAGTCG,295,10
CCGACGACGAGCATGGCG,454,10
CTCGCAGTATACAGTCGT,1270,0
CTGTGTGGGCGAACAATA,1007,4
AAGCGGTTCATAAACGCC,698,9
CCGACGTGAAGCATGGCG,824,9
CTCGCACATCCCACGTTG,1025,2
CGCACCCGTGGCTGATCA,447,10
GCTCAATCGTAAAGATGG,792,9
CTGTGTTTCCGCGCTCAA,563,10
CCGACGCGTGGCTTGGAC,850,10
CTCGCACCGCTATAGTCG,1035,9
CTCGCAGTCCCGAAAGTT,824,5
CCTTTCCCAGACAGCGAG,776,9
AACCTAAAAACGGCTCAA,357,10
TTCATAGCCCTCCCTAGA,787,1
CTCCATGAGGAGATACAG,842,7
ATCTCTCATCCCCTGAAA,582,5
TAGTCGCGTGGCATTTGC,651,9
CTCGCAATGCTTAAGCGG,616,2
TAGAGAATCAACCCGCTA,385,10
TCTACCAAAGTTACAATA,727,10
CTCGCAGCCCTCGAATTA,952,1
CGCTTGTTGGACGTAATG,570,5
CGCACCCCGCTAGCTCAA,670,5
GGTACACCGACGTGCAAT,615,9
AGCGAGATACAGCTTCTG,236,10
ACAATACACAAGAACCTA,855,1
AACCTAAGCGAGTGCAAT,647,1
CGCACCAGGACTTGATCA,500,10
GCGAATGGGTTTGTGGTA,510,9
CTCGCACTGTGTTTTAGG,643,7
TGATCATGCAATTTGGAC,627,9
AACGCCTTCATACTGTGT,823,5
ATCTCTCTCCATATGGCG,528,9
TTCCGCCTTCTGCATCCC,230,10
CGAGTATAGTCGCAAAGT,279,10
CTCGCAGGCTGCAGGGTC,982,0
ACGTTGGCTGTGTTCATA,694,1
CCGACGTTTAGGACCTGA,581,9
CTCCATCCGCTAGTCGGT,825,1
ACGAGCTAGTCGTAGAGA,790,1
TGCAATTTTAGGTAGAGA,225,10
CTCGCAATTTGCTAGTCG,596,2
ACGTTGCTTCTGTCAAAG,867,0
CAAAGTCTGTGTGAATTA,254,10
TGTGCGAGGGTCGGACAT,612,9
GCTGTGTTTAGGTATTGT,487,9
ACGTTGCCGACGAGATGG,655,3
CTCGCACGCTTGTAGAGA,586,3
CTGTGTCACAAGTGATCA,343,10
GCCTAGTTGGACGAATTA,257,10
TTCATAAAGTACCCGACG,520,5
AACGCCACGTTGTGAAGC,517,7
TGCGGATTGGACCTTCTG,708,5
CATCCCACCTGACCGCTA,282,10
CTGTGTACGTTGCCGCTA,559,2
GGACATCAACAAAAAGTT,558,2
AGCGAGGCCTAGACGAGC,659,9
CCAGACCGAGTATTGGAC,733,7
TTCATATAGCATCCGCTA,652,1
ACGTTGAGATGGAAGTAC,699,1
CGCTTGCGTGGCAGGACT,528,9
GCGAATGCCCTCGCAGGA,714,8
CTCGCAGATCTTCGGCAG,671,3
ACAATAAAAGTTGTCGGT,623,0
ACACCCGCGTCCTAGAGA,375,10
CAAAGTACAATAAGTTTA,503,9
GCTCAAGGGTTTATTCCA,332,10
TAGTCGAGGGTCCTTCTG,656,5
AGGACTCATCCCCACAAG,616,7
CTGTGTCCGCTATGGATG,567,2
CTCGCAAGCGAGCTGTGT,579,3
CTGTGTCCAGACTTCCGC,241,10
AAGCGGAGATGGAGGACT,484,5
TAGCATTCTACCCCTTTC,424,9
ACGAGCTATTGTTTTAGG,432,5
CGGCAGGATCTTGGGTTT,524,5
CTCGCAGATCTTTTCATA,445,5
AAGTACACAATATCTACC,466,7
CTCGCATAGCATTCGTAA,647,1
GAACGCGCAGGAGCTCAA,572,0
GAGGAGATACAGTGTGCG,557,1
TGATCAAGATGGACGAGC,334,10
TCTACCCTGTGTTATGTA,645,5
ATGCTTTGTGCGAGCGAG,429,10
GGACATGTCGGTGCGTCC,482,1
CTCGCAAGTCGTGGCTGC,527,7
TGATCAACCTGAACACCC,589,1
CTGTGTGAGATCCTGAAA,427,12
TGTGCGCAACAAGGGTTT,445,9
TTCATAGCCCTCGCTCAA,704,7
TATTGTGCCTAGCTGTGT,600,7
CCTAGACGAGTACATGAT,301,10
AAGCGGTAGAGATTAACT,643,0
TGCGGAGTATACGCAGGA,275,10
AGGACTGGGTTTGGGTTT,720,0
CTCGCAGAATTAAGTCGT,346,3
TGATCAATGCTTATACAG,240,10
GGACATAAGTACACACCC,412,0
CCAGACGCGTCCGCTCAA,605,0
CCGCTAAGGACTCCAGAC,635,0
CGGCAGGGGTTTGATCTT,448,9
AGGACTATACAGCTGTGT,631,0
AGTCGTCGCTTGACAATA,541,1
CTGTGTGGGTTTACGAGC,465,5
AACGCCGTCCCGTCGTAA,249,10
ACGTTGATCTCTGGCTGC,503,2
GCGTCCGATCTTAGTCGT,317,5
CGCTTGGGTACAAAGTAC,522,5
TTAACTAAGTACAAGCGG,474,5
TATGTAAACCTATACTTC,368,5
CAACAACCGCTACTTCTG,606,6
CGCACCACGTTGCAAAGT,307,5
AAGCGGGCAGGAATCAAC,338,10
TTCATAAACCTAGGGCGA,361,5
ATACAGTGATCAATACAG,297,10
TCTACCTCTACCCGCTTG,451,1
TTTAGGGCCCTCGAACGC,249,10
GAACGCGCCCTCGTAATG,457,5
CTGTGTCCAGACATACAG,296,10
TCAAAGGGACATACAATA,499,5
TGCGGAGTCGGTCGAGTA,586,0
AGGACTATTTGCTTTAGG,271,5
TCTACCGGCTGCCGCACC,550,0
CGGCAGATCAACGTCGGT,509,10
CGAGTAACAATACCGACG,384,5
CTCGCACATCCCGCCTAG,658,8
TTCATACCGCTAAGGACT,504,8
TGAAGCTTGGACGGCTGC,615,2
CCGACGACAATAGTCGGT,494,2
TCACTTCCGACGTAGTCG,510,6
AACCTATTCATAATACAG,284,10
CCTAGATCGGGTGTCCCG,429,2
CCAGACGAGGAGGCCTAG,629,0
CCTAGAGAGGAGCCTTTC,206,10
GCGTCCACAATACCGCTA,318,5
ACCTGACGAGTATGCGGA,284,10
GCAGGAGGGTTTTTTAGG,557,0
GCGAATCAACAACTTCTG,626,0
AACGCCATCAACGTGGTA,670,0
AACGCCGCTGTGCAACAA,338,5
AAGCGGTAAGGGAGTTTA,440,2
AAGTACTAGCATGCGAAT,508,1
ACTTATTGAAGCAAAACG,201,10
CAACAAGCGTCCGAGATC,567,1
AGGACTGTCCCGGAGATC,527,2
TGCAATCCAGACAGTTTA,438,0
CTCGCAGCGTCCCGTGGC,645,0
AAGCGGGCCCTCGCCTAG,442,2
CTGTGTGCCCTCAGGACT,626,0
CTCGCACATGATCCGACG,491,1
GGACATGCGTCCTGAAGC,463,1
GCTGTGCGTATTTATGTA,443,9
GCGAATGAATTAACAATA,533,0
AACCTATACTTCAGTCGT,416,2
GCAGGATAGAGAAGGACT,432,7
ACCTGAATCTCTTGGATG,422,2
CCTAGACTCGCATTAACT,487,7
GAACGCAAAACGTTAACT,412,2
TATGTATAGCATGAGATC,480,2
TGCGGATGATCAAGCGAG,595,0
TAGTCGCATGATATTCCA,545,3
TTAACTAAGTACCACAAG,407,2
TTTAGGAATAAATAGTCG,468,2
CGTATTCCAGACTGTGCG,340,5
CCGACGCATGATTAGTCG,699,5
AAGCGGCGTATTATACAG,497,3
CCGACGGGCTGCCAACAA,708,0
AGTTTAATCAACGGTACA,412,2
CTGTGTATGGCGAGTTTA,511,1
CTGTGTCAAAGTCGTGGC,370,5
CGAGTAATCAACCCGACG,513,5
CCGCTAGTAATGGAGGAG,411,9
GGTACAAAAACGTCGTAA,416,11
CATCCCATGGCGGCAGGA,532,2
CTGTGTGAGGAGTACTTC,325,9
TGCAATATGGCGTTTAGG,433,0
TCTACCCTGAAATTGGAC,503,0
CGCTTGGCAGGATTCATA,589,0
GTATACTGTCACGCCTAG,465,1
GCTGTGTCGTAAAGTTTA,396,7
CTCGCAAGGGTCATCAAC,540,3
GAGGAGGTAATGGTCGGT,403,10
CTGAAACTGAAACCGACG,224,10
GAATTACTGAAAATGCTT,517,1
ACGTTGATTTGCTTTAGG,467,1
TCACTTTAGCATGGACAT,235,10
AGTTTAACAATACGCACC,433,9
CTCGCAGCTGTGGCGAAT,468,2
CGAGTAGTAATGTGAAGC,396,1
AAGTACAACGCCACGTTG,388,3
CTGTGTCGCTTGGTCCCG,634,0
AACCTACTTCTGTAGAGA,559,1
CTCGCAACCTGAGATCTT,594,0
CTGTGTCCGACGGTATAC,428,6
AAGCGGAGCGAGTCACTT,543,0
TGCGGAGGGTTTGCAGGA,681,0
TTTAGGTAAGGGTAGAGA,527,12
TAGCATACAATATACTTC,535,0
CCTTTCGGGCGACCTAGA,467,4
ACGTTGCTTCTGAGCGAG,275,5
CGCACCATACAGCCGCTA,522,0
CGAGTACGTATTGCGTCC,443,5
ACTTATAAGTACTAAGGG,382,9
TAGTCGATGGCGTTCATA,508,1
TAGTCGTTAACTGCTCAA,469,6
CCGACGCTCGCATCGTAA,485,2
GCTGTGTCACTTGTCGGT,373,7
TGCAATTGCAATTATGTA,489,1
TTCATACGAGTATTAACT,528,0
GCAGGACTGAAATGATCA,333,10
CTCGCAAGGACTAGCGAG,574,0
TGAAGCATGCTTACGTTG,494,1
GCGAATCGTATTTAGTCG,508,9
AAGCGGTTTAGGATTTGC,437,1
TTTAGGCCATCTTTTAGG,425,13
GCTCAAGGACATTCGGGT,353,9
TGTCACGGTACAAAAACG,357,1
GCCCTCATGCTTGAGATC,611,1
CGAGTAACCTGAATCAAC,467,0
TGATCACTGAAATACTTC,541,1
CTCGCACTGTGTCATGAT,500,3
ATCAACACAATATATGTA,418,2
TCTACCTACTTCATTTGC,565,7
ACGAGCATTCCAATTTGC,505,0
ATTTGCAGGGTCTGCAAT,324,3
CTCGCACGGCAGATCTCT,358,3
GCCCTCCATGATCATCCC,258,10
CTGAAAAGATGGGCGTCC,337,1
CAACAAACAATAATTTGC,502,0
GATCTTGGACATTTCATA,418,11
AAGTACGGGTTTACACCC,555,0
ATGCTTGGGTTTAAAGTT,227,10
CTCGCAGCCCTCTAAGGG,423,4
ACAATACCAGACGTAATG,501,0
TACTTCTACTTCAGGGTC,431,10
ACTTATTTAACTTTCATA,463,8
ACGTTGTTAACTTTCATA,454,0
GCAGGAATGGCGATCAAC,252,10
CCGACGCCAGACCGTATT,535,0
CTGTGTGTCCCGGCAGGA,538,0
CGAGTAATCTCTATTCCA,290,5
AGGACTATTTGCTGCAAT,234,10
CTCGCAGCCCTCTGCAAT,462,0
CTTCTGTAGTCGGACACT,223,10
ACAATATTTAGGCGCTTG,336,10
ACGTTGCACAAGCATGAT,357,9
CTCGCAAGTTTACTTCTG,406,4
TCACTTATGGCGGAACGC,347,9
GAACGCACAATAATCTCT,357,3
ACGTTGGATCTTCCTAGA,505,2
CCGCTACATGATACACCC,329,9
AAGCGGGGACATATGGCG,314,5
CATGATCGCTTGCCTAGA,243,10
CTGTGTATTCCATATGTA,460,2
CTTCTGCACAAGTGATCA,429,1
GGGTTTCACAAGAGGACT,507,4
CGCACCACAATATCTACC,388,3
CTGTGTTAGTCGAGATGG,439,11
TCTACCTCACTTAGTCGT,417,4
TGTCACCCGCTAGTTGCC,467,7
ACGAGCTCGTAAGGCTGC,395,9
ATCTCTGTCGGTCCGACG,453,1
TTAACTTAGCATCCTTTC,386,1
GAGGAGGATCTTGAGATC,334,5
TTCATACCGACGGTCGGT,271,10
CCGACGCGTATTATGGCG,410,2
CCGACGTAGAGACGGCAG,413,7
GCTCAAAGTCGTCAACAA,369,7
CATGATCCAGACCTTCTG,406,5
ACTTATGTATACGGTACA,467,12
AAGTACCTCCATGACACT,490,5
CAACAAATTCCACTGTGT,548,0
GGACATTAAGGGATGGCG,439,0
GAGGAGTCGGGTGCAGGA,411,10
TTGGACCTGAAAACACCC,530,1
CTCGCAGGCTGCAGGACT,529,12
ACGTTGAGCGAGCTCCAT,220,10
CTCGCAGCGTCCCACAAG,409,3
AAGTACTTGGACTGCAAT,388,4
TATGTAATCAACGCTCAA,471,13
GCTGTGCTGTGTGCTCAA,314,5
AACCTAATCAACGCTCAA,284,5
AAGTACAGGGTCTTAACT,474,1
CATGATAACGCCGGCTGC,373,9
ACACCCGCTCAATCACTT,334,7
ATGCTTCTTCTGATTTGC,305,5
AAGCGGGATCTTATTTGC,354,4
AAAGTTACCTGATGGATG,524,7
AACCTATAGTCGATGCTT,257,3
ATTCCAGTGGTAATCTCT,400,9
TGATCACATGATGATCTT,503,0
AGGACTTTCATAATCAAC,386,2
TGCGGATGCAATTCGTAA,395,3
CTCGCACTCCATCGTATT,363,2
AGGACTTGTGCGTTTAGG,385,2
CTCGCACTTCTGATTTGC,396,3
CATCCCGAGATCGCGTCC,467,2
TGCGGACCGCTAAGTCGT,449,2
TAGAGACCGCTATGCAAT,360,9
ATCAACTAAGGGATCAAC,365,9
TAGCATTCGGGTATGCTT,417,2
CCTTTCGGTACAAAGCGG,483,0
CGCACCTTCCGCTCGTAA,457,5
CCTTTCTCGTAATCGTAA,304,9
ACGTTGATCTCTAATAAA,306,3
TTCATATTTAGGAACGCC,421,0
AGCGAGAAGTACAGCGAG,468,1
CTCGCAATGGCGTGCAAT,657,0
TAGTCGGCTGTGAACGCC,510,0
ACGTTGAGGGTCTAGTCG,287,10
CTCGCAACAATACCTTTC,419,2
TCTACCCGTATTGAACGC,373,0
AGTTTATAAGGGTCGTAA,459,0
GGACATCATGATTGTGCG,379,2
AAGCGGTTCCGCATGCTT,403,3
CCAGACATCTCTAAAACG,346,5
ACAATATAAGGGAAAACG,272,3
GCGTCCTCACTTAGTCGT,273,9
CCGACGAAGCGGGCCCTC,428,1
ACCTGATGGATGATTTGC,335,2
TTCATAGGGTTTATTTGC,336,7
ACGAGCTAGAGACTGTGT,364,5
CTCGCAATCTCTCCGACG,396,1
CCGACGCATCCCATTTGC,426,5
AAGCGGTGCGGATCGTAA,404,2
TGAAGCGTCGGTATTTGC,410,7
CTCCATCTCCATGCGTCC,408,2
ATCTCTTAGAGAGTCGGT,372,9
ATGGCGCTCGCACATCCC,507,12
ATCAACGCCCTCTTCATA,578,7
AGGACTTCGTAACATGAT,583,0
CCGCTAGTCGGTCCGACG,411,3
TCTACCAGGACTTCTACC,393,2
AAGCGGGGACATCTTCTG,415,1
CCATCTCATGATAGATGG,373,0
CTCGCACATGATTCTACC,427,4
TTCCGCTCACTTATTTGC,445,0
TAGTCGCATCCCGCTCAA,406,1
ACGTTGAATAAATACTTC,508,4
TCAAAGAAAACGTTAACT,428,0
AAGTACAACGCCACAATA,395,2
TGCGGATGCGGATAGTCG,426,1
CTGTGTATACAGCTTCTG,343,2
ATGGCGAAAGTTAGGACT,448,0
AACCTATGAAGCCATGAT,380,3
CGGCAGAGCGAGTGTGCG,273,2
ACACCCTAAGGGCATCCC,452,7
CACAAGTGGATGGAGATC,248,9
GTGGTATGTGCGTTCATA,422,1
TGCGGATATTGTATCAAC,546,0
CGCACCGATCTTGCGTCC,344,5
GTATACTTCCGCAAGTAC,439,4
CATGATTCGGGTGCCCTC,426,7
ACACCCGCGTCCCTCCAT,496,1
TGTCACCGTGGCATCAAC,447,0
GTCGGTACCTGAAAGTAC,235,9
TAGTCGCCGACGAGGGTC,430,7
ACAATAGCTGTGCTCCAT,333,5
CGCACCGGCTGCATACAG,509,0
CTCGCAAGCGAGCATCCC,439,8
ACGAGCTGTGCGTCGTAA,347,5
GGTACATTCATAAGGACT,479,0
TTTAGGCTCCATGCGAAT,429,0
TTAACTCAAAGTATTCCA,375,2
ATCAACTTCATAGAGATC,303,10
CTGTGTGGGTTTCTCCAT,414,1
ACGTTGAAAACGAAAACG,408,3
CTCGCATAGAGACCATCT,422,1
GTTGCCACTTATGCTCAA,388,0
AAGCGGCAAAGTGCGAAT,336,3
ACGTTGAAAGTTGTCGGT,387,3
ATGGCGCATGATATTCCA,415,1
TTTAGGACAATAGTCCCG,387,10
CGGCAGTCGTAAAGTCGT,456,1
ACAATATGTGCGGCTCAA,503,0
CCAGACCCGCTACACAAG,505,0
GCGAATATCTCTGAATTA,429,0
GCGTCCCCGCTACGGCAG,514,0
TTCCGCTCACTTTTCATA,379,3
CGCACCAAAGTTAGTTTA,455,0
AACCTATTTAGGTAAGGG,317,7
CTGTGTTCTACCCTGTGT,505,0
ACGAGCATCTCTAAGTAC,349,1
CTCGCAGAGATCTGCAAT,465,0
ATCTCTATGGCGTATGTA,464,0
TCGTAATGAAGCCTTCTG,356,7
CGCTTGGCTCAAATTCCA,278,2
CTCGCATCTACCGACACT,486,13
TGAAGCTATTGTTGCAAT,326,9
AGCGAGGCCTAGCCGACG,371,1
CCGACGGTCCCGCATGAT,387,0
CAACAAATTCCACCTAGA,420,1
GCAGGAGCTCAACTGTGT,447,0
ATCTCTCGCTTGGTAATG,365,3
CGCACCGATCTTGCTCAA,349,0
CTCGCATAGTCGTATGTA,573,0
ACGAGCCACAAGTGAAGC,382,4
CGGCAGCTCCATTTTAGG,388,0
ACAATATTTAGGGCGTCC,337,5
CTGTGTGGCTGCCAACAA,445,4
GAATTATAGCATAAAACG,307,5
AGGACTAGTTTATAGAGA,210,10
CCTTTCGCCCTCGTCCCG,443,0
TAGCATAGTCGTAGCGAG,434,12
AAGCGGCGTGGCATTCCA,361,3
ACGTTGCTGAAATTCCGC,431,8
CGCACCAGGGTCTTTAGG,391,5
GCCCTCACGTTGGTAATG,382,1
TCGTAACGCACCTAGAGA,407,5
CAACAACTCGCACCGACG,462,0
TTCCGCAGCGAGGTCGGT,383,9
AGCGAGATACAGTTGGAC,335,5
CCAGACAAGCGGCTGAAA,217,5
GCCCTCATACAGTTGGAC,405,0
GGTACACAACAAGTAATG,409,0
TTCATAAAAGTTGTATAC,436,0
CCGACGTGTCACGCAGGA,513,0
TTCCGCCAAAGTCTCGCA,389,12
AGCGAGTTCATAACACCC,285,5
TCGTAAATGGCGTTCATA,208,10
AAGCGGTACTTCTAGCAT,444,7
GGTACAACGTTGATGCTT,319,8
ACGTTGTGGATGATGCTT,222,3
TGTCACCATGATATGCTT,244,5
ACGTTGGATCTTATCTCT,301,4
TGAAGCGCTCAAATACAG,277,5
AACCTATGTGCGCCTTTC,362,1
TGATCAAGTCGTGAGGAG,422,0
TGCGGAGTCCCGGCTGTG,373,8
CCTTTCATGCTTCATCCC,213,5
CTGTGTCACAAGTGTGCG,276,5
AGCGAGGCCCTCGCAGGA,408,2
TGCGGAAAGCGGAATAAA,469,0
CGTATTGCAGGAGGACAT,355,2
AGCGAGCAAAGTTGAAGC,369,0
GCGAATGATCTTGCTGTG,419,0
ACGTTGCCGACGTGTGCG,433,4
CCGCTAAACGCCTAGCAT,398,2
CTGTGTTGGATGGTTGCC,347,2
ACGTTGTACTTCAGGACT,393,1
TATGTAGTATACCAAAGT,385,2
ACTTATCTGTGTAATAAA,326,9
CTCGCATACTTCATTTGC,411,2
GAATTAGACACTAGGGTC,346,1
TAGCATGTATACATTCCA,313,5
AAAACGGCTGTGAGGACT,304,5
AACCTATTTAGGGACACT,408,13
ATACAGACAATATGTGCG,229,10
CGCACCAGCGAGGCAGGA,293,3
AATAAATGTCACACAATA,408,0
ACGAGCTTTAGGGTATAC,380,1
AGCGAGCATGATGCCCTC,329,5
ATCAACACCTGAGTCCCG,252,10
CCGACGATACAGTAGTCG,242,5
TCGTAATCGTAAATTCCA,372,0
AGTTTATAGTCGGACACT,384,12
TATGTAGGGCGAATTTGC,390,2
ACAATACGTATTGCGTCC,480,0
GAACGCGCGTCCCGTATT,431,0
GACACTGTCGGTTAGAGA,348,5
TGATCAGCTGTGGTTGCC,452,0
CCTTTCCCATCTTTAACT,407,0
TGCGGATATTGTGCTCAA,433,0
TTCATACTCCATTTTAGG,233,5
ACTTATCATGATGTTGCC,213,10
TCAAAGGCAGGATCTACC,327,7
CTCGCACCTAGAGCAGGA,314,4
TGATCAATACAGAAAGTT,366,2
CCGACGAGGACTACCTGA,503,8
GAGGAGGCTGTGAGGACT,339,5
GGACATATGGCGATACAG,274,10
CTCGCATGGATGGGTACA,442,0
CGCACCGCAGGAACGAGC,254,1
AACGCCGGCTGCTGCAAT,281,9
GTATACAAAACGGCCCTC,237,10
TTCATAATCAACTCTACC,366,5
AGGACTGCGTCCAATAAA,390,1
ACCTGACTCCATAGATGG,347,2
ATCTCTGGACATGGGTTT,281,3
TGCGGAGCTGTGCCAGAC,415,4
CCTAGAAGTTTATAGTCG,302,7
GTTGCCTAGTCGGAATTA,365,0
CGAGTAGACACTGGACAT,347,2
ACGTTGATCAACTGATCA,285,3
CAACAAAATAAAAGGGTC,467,0
GTATACCTGAAACGAGTA,345,2
CTCGCATAAGGGACCTGA,354,1
TAGCATTTCATAGCTCAA,200,10
CGGCAGAAAACGATTCCA,268,4
TCTACCTAGAGATGTGCG,308,1
CCATCTGGTACATTTAGG,200,10
GCGAATATACAGGCTGTG,394,2
TCGTAACTGTGTTTCATA,293,2
AACCTATTCCGCCATCCC,306,6
CTCGCATACTTCCCATCT,406,4
CTCCATTCGTAATCGTAA,453,0
AAGCGGTGGATGCGAGTA,325,2
CTGTGTACGTTGTCTACC,460,0
CTGTGTGCTGTGAATAAA,283,10
CTCGCATGTGCGGGTACA,355,4
CTCCATGGCTGCATACAG,403,0
AGTTTAATGGCGGTCGGT,251,10
ATGGCGGGGTTTTCGTAA,426,0
GGACATTGTGCGCCTTTC,355,11
GGACATTTGGACCCGACG,433,0
TTCATAAGATGGATACAG,444,7
ACAATAGTCCCGATACAG,515,7
CTGTGTAAAGTTACACCC,358,2
TAGCATGTATACCCATCT,308,2
CTGTGTATCAACCCATCT,324,4
GAGGAGGCAGGACTTCTG,213,10
TCGTAAGCTGTGTTTAGG,411,1
CCGCTATCTACCGGTACA,249,3
AACCTAAGCGAGATTCCA,333,3
TCTACCTGTGCGGCGAAT,340,3
CGAGTATTAACTTTCATA,339,8
CTGTGTCGGCAGTTGGAC,344,8
TATGTACTTCTGCATGAT,371,2
TCTACCTTGGACGTCGGT,444,0
ACGAGCACGAGCTTGGAC,332,7
CTCGCAATTCCATAGAGA,293,3
CCGACGTGCAATGGCTGC,390,4
CTCGCAGCTGTGCCGCTA,396,1
ACCTGAAATAAAGCTGTG,345,8
CCAGACCGCTTGTCGGGT,423,8
AAGCGGATCAACAAAACG,399,2
AACCTATGGATGGCAGGA,305,2
ACAATAGTGGTAGCTCAA,538,0
CCGCTACAAAGTAAAGTT,331,4
CTCCATTAGAGACTCCAT,290,4
TTCATAGGCTGCCCGACG,250,9
GCGTCCACGTTGAACGCC,396,0
GCTGTGAGTCGTCAACAA,291,1
TAGTCGGGGTTTCAACAA,354,2
GCCCTCAGGACTATTCCA,425,1
ACCTGAACGTTGGTAATG,322,3
TCACTTACGAGCTTTAGG,458,0
GAACGCACAATAACCTGA,424,1
CTCGCATAGAGAAGTTTA,378,2
GCGTCCATCTCTATCAAC,312,9
CTCGCATAGCATGAACGC,353,0
CTCGCATAGAGATAGAGA,382,4
ACGTTGTCGGGTAGGACT,359,2
AAGCGGACGTTGAACGCC,400,0
GCTCAAATCAACCTGTGT,277,5
TATTGTCGTGGCCCGACG,314,2
CTCGCAGGGTTTGATCTT,458,6
CCATCTGCTGTGGCAGGA,396,0
TTCATAGCTCAAATCAAC,370,2
TTTAGGGCGTCCAAAGTT,425,1
CTCGCAGCTGTGTAAGGG,384,4
TGCAATTCACTTATGCTT,333,11
AACCTACCGACGTCTACC,478,4
TACTTCAAAGTTCTCCAT,309,5
TGAAGCTGATCAGAACGC,341,2
AACCTAAATAAAATTTGC,291,4
CTGTGTGGGCGACTGTGT,322,3
AACCTACCAGACGTCGGT,408,0
CCGACGCAAAGTACTTAT,411,12
TTTAGGGAGGAGAAAGTT,403,2
GCTGTGGCTGTGCAACAA,380,1
ACCTGAGGGTTTATTTGC,407,7
TATGTATGATCAAAGTAC,247,5
CGCACCATTTGCACACCC,353,5
GGTACACTCCATTAGCAT,358,8
TCGTAAATTTGCCATGAT,371,7
GCTCAAATACAGAGCGAG,403,7
AGGACTCATCCCTAGTCG,400,2
ATTCCATAGTCGATTTGC,279,5
GTGGTAGCCTAGGCTGTG,365,7
GCGAATCAAAGTCCGCTA,426,0
AGGACTCCGACGTAGAGA,329,4
GCGTCCCAACAATCTACC,439,0
CTCCATTTTAGGGAGATC,414,7
CACAAGATGGCGCGGCAG,260,7
GAATTACATCCCCTGTGT,357,5
AAAACGCCATCTTACTTC,342,2
CCAGACGTATACGAGATC,257,3
GTCGGTAAGTACTTTAGG,345,7
GGACATATCAACTGAAGC,429,0
AAGTACCATGATATCAAC,439,8
CTCGCAAGGGTCGTCGGT,392,2
CTGTGTGGCTGCATACAG,370,4
ACAATATAGAGATTTAGG,284,2
ACGAGCGAGGAGTAGTCG,295,5
CTGTGTCATGATACACCC,329,6
GGGCGATGATCAATGGCG,256,2
AACCTATTTAGGTGCAAT,336,1
TGATCATTCATAGCTCAA,374,1
AAGCGGCTGTGTGTCCCG,381,0
TCGTAACTCGCACAACAA,403,1
TCGTAACTGAAAAAAACG,307,2
GAGATCAAGTACTGTGCG,275,0
CCGCTAGCGTCCAAAGTT,375,0
CTCGCAGTATACGTAATG,414,4
GTATACATTCCATGCGGA,220,2
CCAGACGGGTTTATTCCA,311,3
GACACTTACTTCGCAGGA,219,5
ACGAGCTGCAATGAACGC,334,3
AAGCGGTCGTAAGGCTGC,299,1
AAAGTTGCCCTCCAAAGT,375,7
CTCCATGGGTTTGCGTCC,262,3
AACCTAACCTGATGCGGA,318,2
ACGTTGTTGGACTAGTCG,290,4
TTCATAAGTTTATAGCAT,436,8
AACCTAGAGATCTAAGGG,271,3
CCGACGACGAGCCACAAG,305,12
ACCTGAGAATTATAGTCG,327,9
TGATCAAACCTATTTAGG,344,4
GTTGCCTCGGGTATACAG,378,7
CGCACCGCCCTCTCTACC,554,0
CGCACCAGTCGTTGTGCG,204,5
ACCTGATTCATAACTTAT,256,1
GCTCAAATGGCGGAGATC,259,5
CGAGTACCGACGTGATCA,364,7
ACGTTGTGAAGCGCTCAA,361,12
CTCGCAATCAACGGTACA,480,11
CTGTGTATCTCTTTTAGG,418,0
GCTCAAGCCCTCCATCCC,381,0
CTCGCATAGAGACCTTTC,483,3
AGGACTAGGGTCATACAG,399,0
CGTATTATCTCTGTCGGT,276,3
GAGGAGGCTGTGCGTGGC,371,1
CCAGACTACTTCCGTATT,431,0
TTAACTCCGCTAAGTCGT,410,0
CTCCATTCGGGTTACTTC,403,0
AGTTTAACAATACCTAGA,298,4
CATGATCGTGGCTTTAGG,454,0
CCGACGGGGTTTAAAGTT,343,5
CGCACCATGCTTTCGTAA,316,1
CCTAGAGGTACAACACCC,406,8
GACACTCTTCTGAGGGTC,343,1
GAGGAGCGCTTGGAATTA,334,2
GCGTCCGGGTTTCTCCAT,429,8
GGACATTGTGCGCATCCC,220,5
AGCGAGTTTAGGGTCCCG,456,4
CTCGCAGGGTTTTGTGCG,369,4
TGATCAGTATACACACCC,337,0
TTTAGGCGTGGCCTTCTG,388,2
TGGATGAGATGGGTCCCG,339,0
CCAGACCTCCATTAGTCG,402,0
ATCTCTAAAGTTAGGGTC,307,8
GAGGAGAGATGGAGGACT,325,2
TGATCAGGACATATGGCG,356,2
CTGTGTTGAAGCGAATTA,252,3
ACACCCAGGGTCTGCAAT,360,7
CTCCATCTCGCAAATAAA,435,0
CGAGTACATGATATTTGC,318,3
TGAAGCGCAGGATAGAGA,263,9
GCTGTGGCCCTCGCAGGA,287,5
TGTGCGAGATGGCATCCC,402,4
GAACGCATTTGCTTCATA,394,7
ATTTGCATCAACCAAAGT,238,5
TCAAAGAGTCGTCGAGTA,325,1
AGCGAGGCTCAATCTACC,318,2
ACACCCGAGATCATTCCA,326,4
GCGTCCTAGTCGTTAACT,271,2
TCGTAATCTACCGCTGTG,221,5
GCTCAAGCTCAAGAATTA,358,0
GCCCTCTCACTTTGTGCG,419,0
GACACTCACAAGCCTTTC,253,2
AACCTAGGACATGTCCCG,348,3
CTGTGTTGATCAAGATGG,271,7
AGTCGTATCAACGCTCAA,367,1
CCGACGTCGGGTAGATGG,427,0
TGCGGAATGCTTGCCTAG,337,8
TTTAGGCAACAACCATCT,356,2
GCTCAAAACGCCTTTAGG,398,0
GGACATTCGGGTAACCTA,399,0
ACGTTGATCAACAAAGTT,287,3
CATCCCCAAAGTAGGACT,362,0
CTGTGTTAGAGAGCCTAG,263,3
ATGCTTTTCATAAGTCGT,383,0
ACAATAGACACTTATGTA,381,1
ATCAACATGCTTCCTTTC,290,2
CGGCAGAAGTACAGGACT,301,4
CTTCTGATCAACTGTGCG,317,4
AAAACGCATCCCTCGTAA,299,3
ATTCCAACGTTGTGTGCG,344,2
GTGGTAGCAGGATGTGCG,308,5
GCTCAAGGGCGACCGCTA,204,5
AAGCGGCTGTGTGCCCTC,285,4
TAGTCGTCACTTTAGAGA,318,1
AACCTACGAGTATAGAGA,225,3
ACCTGATAGTCGAGATGG,295,2
CTCCATACTTATTAAGGG,302,4
ATTCCAGGGCGAATTTGC,263,3
TAGAGACAACAAGGGTTT,311,6
GCGTCCTGATCACTCCAT,339,7
ACGTTGGCGTCCCATCCC,347,2
TGGATGCCGACGGTCCCG,367,0
GCGTCCCTGTGTACGTTG,329,2
ATCTCTCACAAGCCTTTC,277,2
ATGGCGGAATTATTTAGG,267,2
CCAGACGCTCAAATACAG,331,2
AACGCCTACTTCGTAATG,366,1
CCGCTATATTGTCTTCTG,378,3
CTTCTGCCGACGGCTCAA,311,11
AAGCGGTCTACCTTCATA,267,2
CTCGCAAGTCGTGCTCAA,209,3
CTCGCATTCATAGAATTA,356,4
GCCTAGCGGCAGTAGTCG,324,9
AAGCGGGAATTATAAGGG,298,3
ACTTATATCAACTTCATA,329,2
GCGTCCCTCCATATTCCA,386,12
ACCTGAGGGCGAGGGCGA,279,0
AGGACTGGACATCGTGGC,386,0
CTGTGTGTCGGTTCGTAA,301,1
CTCCATCGCACCCCGACG,378,0
CCAGACCTTCTGCAACAA,319,4
TTCATAGGGCGAGCAGGA,262,3
TCAAAGACGAGCAGATGG,322,0
ACGTTGGGTACAGCAGGA,440,0
GATCTTCGCTTGATTTGC,271,9
TGCAATGCGTCCTGAAGC,391,0
CCGACGGTCCCGGAATTA,398,1
TGATCAAGGGTCTAGAGA,316,5
ACGAGCCATGATCAAAGT,337,11
ACTTATATACAGGAATTA,394,7
TTGGACCCGCTAGGCTGC,359,7
AAAACGCTCCATCCATCT,296,2
CTCCATAACCTACTTCTG,214,3
TTAACTCATGATCCAGAC,246,9
AAGCGGACGTTGTAGCAT,325,2
TATTGTCATGATTCGGGT,269,9
TAGAGACAAAGTGGACAT,204,10
AAGCGGGATCTTAGGACT,283,2
CTGTGTCGCACCGCAGGA,363,1
GAGGAGCCATCTTCGTAA,376,0
AGGACTGGTACAAAAGTT,390,4
CCGCTAGCCCTCCGTGGC,336,0
ATGCTTCATGATGCGAAT,292,0
ACCTGAGTAATGCTGAAA,293,9
ACACCCAATAAAGTAATG,324,2
TGCGGATAGCATCTTCTG,345,4
CATCCCACAATAGGCTGC,289,3
TACTTCCATGATGGCTGC,337,7
ACGTTGTTGGACAACGCC,316,3
TAGTCGGCTGTGACAATA,281,12
TCGTAACTGTGTCCAGAC,288,2
AGGACTGTATACCTGTGT,235,3
ATCAACAGTTTATGTGCG,376,8
ATGGCGGATCTTAGATGG,359,0
TAGCATGGCTGCTGCAAT,368,1
CCTAGACGTGGCTGCAAT,356,4
ATGCTTAATAAACATCCC,335,0
TGAAGCTTGGACTGCAAT,318,7
CCGACGAGGGTCCCGCTA,331,2
CTCGCACCTAGAATTCCA,305,0
CTCGCATTCCGCGAATTA,303,3
TAGCATGGACATGCTCAA,396,3
AACCTAACAATAAGCGAG,316,8
ATTCCAATTCCATCTACC,306,2
GCGAATACGAGCTGAAGC,359,2
AAGCGGTTTAGGGCCCTC,321,1
ACGTTGTAAGGGAGCGAG,299,1
TTCATAGAATTAGGACAT,334,0
CTCGCACTCGCAGATCTT,316,6
CTCGCAGACACTTATGTA,355,3
CGCACCTCACTTGAACGC,210,2
GACACTAACGCCAGGGTC,335,5
CAAAGTAGGACTAGCGAG,278,7
GGTACAACGAGCCACAAG,415,0
TAGCATACGAGCCCTTTC,258,3
GGACATGGCTGCCCAGAC,222,5
AAGCGGGTATACCCGCTA,328,2
AACCTAGTAATGTGGATG,334,2
ACTTATTAAGGGAGGACT,294,2
GCCCTCATTCCAGGGTTT,364,0
ATTCCATAGAGAATGGCG,323,0
ACGAGCTTGGACGACACT,310,2
CGTATTCTTCTGATTCCA,373,0
TGTCACGCTCAAGCAGGA,255,11
CCATCTATCAACGAACGC,242,2
ATGGCGCTGAAACCAGAC,355,1
CGCACCAGTCGTTGATCA,340,5
ACCTGAGCCTAGGGCTGC,406,1
GCCCTCGCTCAACGTGGC,278,5
TCTACCCAACAATAGAGA,376,1
CGCTTGGAATTAAAGTAC,329,1
GCAGGATAGAGAATTTGC,288,4
GCCCTCACGAGCCTGTGT,310,4
CGCACCTGATCATAGTCG,245,7
CGCACCTAGCATATGGCG,256,9
GTATACGCCTAGTAGAGA,451,0
TATGTAATTCCAATGCTT,347,1
TATGTAGACACTCCGCTA,362,1
CGGCAGACGTTGAACGCC,305,5
CGAGTAGCTGTGATACAG,291,0
GCGAATTCTACCCGTGGC,312,7
CCATCTCAAAGTCATCCC,383,1
GAACGCAGATGGCCAGAC,362,2
TTTAGGGCAGGAAGCGAG,351,0
CGCACCCCAGACCCGACG,370,2
CCTTTCTGGATGTAGCAT,281,1
ACCTGAGCCCTCCCATCT,284,9
CGAGTAATTCCATTCATA,381,0
GCCCTCAGGGTCCCAGAC,370,5
TTTAGGACGTTGATACAG,457,1
TCGGGTGAGATCATACAG,336,1
TTCATATTCATACCGACG,291,0
CAACAAGGTACAATTCCA,227,5
CAACAAGTAATGGCTGTG,265,1
TAGAGAGCGTCCAAAACG,254,5
CGAGTACTCCATATTTGC,392,0
AGTTTATACTTCGAATTA,342,7
CGAGTAACGTTGTGTGCG,310,2
CTCGCAATCTCTGGGTTT,302,8
CTCGCACGGCAGCTGTGT,413,2
AACCTAGACACTAGCGAG,323,2
CTCCATTACTTCTTTAGG,411,0
CTGTGTACCTGACCGACG,281,9
ACGTTGATTTGCCTTCTG,317,2
CTTCTGGCTCAAGCTCAA,339,10
TTTAGGTAAGGGTCGGGT,288,1
GCTGTGTCGTAAATCTCT,349,7
TAGTCGCCGCTAACAATA,266,5
CCGACGATCAACCTGAAA,323,2
TTCATACACAAGTAGTCG,423,0
CAAAGTGAATTACAACAA,264,2
AACCTAAGGGTCCGCTTG,364,2
AGCGAGTTCATACGTGGC,282,7
CTCGCAAGTCGTTCTACC,228,3
TGAAGCAAGTACGTCCCG,255,9
AATAAATGTCACCCGACG,253,7
CTGTGTGCGTCCCTTCTG,216,3
TTAACTATCAACGCAGGA,246,3
GCGAATGGACATTAGAGA,301,3
TAGTCGCATCCCATCAAC,278,12
CAACAATAGCATAGATGG,254,1
CTGTGTTAGCATACAATA,287,8
ATCAACCTTCTGAACCTA,337,2
AAGTACCTCGCACCGCTA,445,0
AACCTACGTGGCATGGCG,202,3
CATCCCATACAGAGGGTC,327,0
GCCCTCGACACTTATTGT,310,2
AACCTATGGATGGTCGGT,289,3
TAGCATGTCGGTTGATCA,413,8
GCCTAGAGATGGCATGAT,301,2
TCACTTTGATCATGCAAT,277,5
GGACATTAGTCGCATCCC,305,1
ACGTTGCACAAGTGAAGC,298,1
AGTCGTCGAGTACTGTGT,347,10
CATCCCCTCCATGATCTT,340,7
GCGAATACGAGCATGGCG,317,7
CGCTTGCCAGACAAAACG,321,2
AGTCGTCGAGTAATACAG,292,9
AGTCGTCTCCATCGTGGC,319,13
ACGAGCAGTCGTGTATAC,272,2
CATCCCTACTTCACGTTG,405,0
ACGTTGCCGCTAATGCTT,216,3
CTCGCATGATCAAGGACT,368,1
ATTTGCTGCAATTGTGCG,356,1
ACTTATACAATAAATAAA,392,0
ACTTATCCGCTATGCGGA,360,4
AAGCGGGCCTAGCTGTGT,338,4
ATTCCATAAGGGTAAGGG,319,2
ACAATAACAATACTGAAA,314,2
CTCGCAATCAACATCTCT,293,6
GAACGCTAAGGGCCGCTA,359,0
CTCCATGTCCCGGTCCCG,223,3
TGATCATTGGACAGGACT,353,2
CTCCATCAACAAGTAATG,396,0
ACGTTGGGGCGACCGCTA,237,1
CTCGCAGTCGGTGTCCCG,334,3
GAACGCTATTGTGCCCTC,306,6
GATCTTGGGTTTATCAAC,262,1
AACCTAGCTCAATAAGGG,367,4
CAACAAGATCTTTAGCAT,297,3
TATGTAGGACATGTATAC,346,1
TCGTAAAACGCCAGTCGT,392,0
CCGCTAATCAACTTTAGG,397,8
CTGTGTTCGGGTCGCTTG,283,4
ATGCTTGCCCTCGTAATG,373,0
ACGAGCGAGGAGATTCCA,300,3
GCTCAAAGGACTAACCTA,295,0
CGAGTACAAAGTGGACAT,312,6
TTAACTGTGGTAGCCCTC,307,0
ACGTTGGCCCTCAGATGG,321,2
CTGTGTACAATAAAAGTT,248,3
GATCTTATGGCGGGGTTT,281,1
GTTGCCGTATACGTAATG,345,9
TATGTAGCCCTCGCTCAA,343,1
TATTGTAGGACTCGGCAG,272,7
ACAATAACAATAGAGATC,292,8
TAGCATGATCTTCTGTGT,255,5
CCATCTCTGTGTTAGAGA,332,0
CTCGCACCTAGAATCAAC,346,1
TATGTATAAGGGTCGGGT,323,4
TGCGGATCGGGTTTGGAC,348,0
GTATACTTAACTATGGCG,278,1
ATGGCGCCAGACCCGACG,335,7
GAGGAGTTGGACGCTCAA,298,2
TTAACTAAGTACTAGTCG,203,10
ACAATAAGGGTCGGACAT,369,4
AGCGAGCATGATTATGTA,397,0
ATTCCAAACGCCCGTATT,256,2
CGCTTGTAGTCGACTTAT,358,6
GCTCAAATCAACGCAGGA,301,0
CATCCCGCCTAGAGCGAG,363,11
ACCTGAATGCTTAGGACT,329,7
AGTTTATACTTCATTTGC,321,5
GCGAATAAGTACTGAAGC,343,8
CCGACGTTCATAGCGTCC,288,3
CCGCTACTCCATTGTGCG,348,3
CCTAGACATCCCATACAG,281,7
CTCCATACTTATTCTACC,227,5
TTCATAGACACTAGATGG,314,4
CACAAGATGGCGGCTGTG,410,0
TGCGGAGCCCTCATTCCA,337,12
CCGACGCATGATGAATTA,306,2
GCGAATCTGTGTAGGGTC,328,1
GCTCAAGTCCCGGTCCCG,277,5
CCAGACCGTGGCCATCCC,282,11
ATCAACCCATCTAAAACG,225,3
ACGAGCCAAAGTAGCGAG,270,5
ATGCTTGCAGGAGAATTA,343,0
TGCGGACTCCATCATGAT,261,4
ACGTTGCATCCCGTATAC,401,2
TAGCATGACACTCAACAA,275,7
TCTACCACGAGCAGGGTC,284,8
AAGTACGTCGGTTGTGCG,295,5
TTTAGGTCACTTGAGATC,310,0
GCCTAGAAGTACACTTAT,396,0
AAGCGGGATCTTCCAGAC,291,1
ACAATACCGACGTTCATA,326,0
ACCTGAATCAACGTCCCG,375,0
AGTCGTGTCGGTGTCGGT,380,0
TACTTCATTCCACTTCTG,388,0
TCGGGTCATGATTATGTA,264,2
AACCTAGAGATCGCTCAA,276,4
AACGCCGTATACGCTCAA,362,0
ACTTATTAGCATGCTCAA,307,1
ACACCCAATAAAGCTGTG,207,3
GAACGCGTATACTCTACC,297,2
GCAGGATGGATGTCTACC,284,1
AGGACTATTCCACCGCTA,292,3
AAGCGGGCTGTGTCGTAA,310,1
ATGCTTAGCGAGTTTAGG,259,3
CCGACGGGGTTTATCAAC,371,1
GCGAATAGGGTCAATAAA,230,3
GGTACAACAATAAAGTAC,288,1
CTTCTGTTCATAGCTCAA,279,4
GAGGAGGGGTTTTATTGT,345,0
AACCTAAACGCCCGTGGC,281,6
TAGTCGCATGATGGGTTT,376,0
CTCCATGCTGTGCTGTGT,294,11
AAGTACAACCTAATCTCT,340,1
TTAACTCCGACGATGGCG,283,1
ACCTGAGGACATCGTATT,316,0
GTATACGCGTCCGATCTT,374,0
GTCGGTTCGTAAATTCCA,331,9
AACCTAAGCGAGTCGTAA,391,8
AACCTACCGCTACCTTTC,220,3
CATGATGCGTCCCGTGGC,289,2
GGCTGCATGGCGGCTCAA,346,7
AACGCCTGTCACTAGAGA,254,3
CGCACCTCGTAAATACAG,265,3
AAGCGGTGTGCGCGTATT,254,3
TAGTCGTATTGTGCTCAA,227,5
AAGCGGTTGGACGCAGGA,315,12
CTCGCAGAGATCTGTGCG,294,4
CTCGCATAGTCGATTCCA,249,6
TCGTAATTCCGCCTCCAT,330,1
AAGCGGGCGTCCATGCTT,237,3
AAGTACGTCGGTCGTGGC,240,5
ACGTTGAACCTAGTCGGT,275,4
CTCGCAGCAGGAATGGCG,368,4
TGAAGCCCGACGTGTGCG,340,2
ATTTGCTTGGACAGCGAG,273,0
CGGCAGCCAGACTGTGCG,324,4
GACACTGCGTCCTATGTA,300,1
GGCTGCGAGATCCATGAT,285,7
CAACAAGTAATGTCAAAG,284,3
TAGTCGGCGTCCTCGTAA,336,1
ACGTTGGCGAATTTGGAC,223,5
AAAACGCAACAAAAGCGG,306,0
AGGACTGCCCTCGTCGGT,239,2
ATTCCACATCCCTCTACC,383,0
GTTGCCGCCTAGCGTGGC,256,9
TGTGCGGGGTTTCCGCTA,352,0
AGTTTATTCATACACAAG,332,0
CTGTGTCGGCAGCATGAT,305,3
ACGTTGAGGACTGGGTTT,293,4
TCACTTCCATCTGCTGTG,308,0
AGTCGTAAGTACGTCGGT,314,0
GCAGGAAAAACGACCTGA,303,1
GCGTCCATTTGCTTCCGC,379,1
TCACTTCTGTGTCGCTTG,282,2
AACGCCAAAACGGCTCAA,325,0
TAAGGGATCTCTATGCTT,285,0
ACAATATACTTCATTCCA,271,3
AACCTATCGGGTCTGTGT,206,5
AGCGAGATGGCGTACTTC,267,1
CGAGTAAATAAAAGTTTA,264,4
ATTCCATATTGTGCTCAA,269,5
CCGCTACCAGACCTCGCA,370,0
ATGGCGAACGCCCATCCC,319,2
CTGTGTCAACAAAACCTA,304,2
CCGCTAATCAACTGCGGA,281,2
ACGAGCCCTAGAGAGGAG,278,2
TGCGGAGCAGGAACGTTG,354,0
TGATCAAGTTTACCGCTA,229,1
AACGCCTCTACCGCTCAA,388,0
ACGAGCCCAGACTTCATA,289,2
TAAGGGTTAACTGGACAT,229,5
TGCAATGAGATCCCATCT,337,1
TAGAGAGGACATGGACAT,363,0
AACGCCGCAGGACTGTGT,375,2
CCGCTAGCCTAGTCGTAA,415,0
GCGAATTTTAGGTCGTAA,325,0
TGATCAATTTGCGCAGGA,295,1
TCGTAATAGTCGTAGTCG,245,11
CCTTTCAGGACTGCTCAA,281,2
AACGCCGCCTAGAACGCC,279,9
CCTAGACGCTTGTTCCGC,258,2
CGCACCTTGGACACACCC,295,2
CTCGCAAACGCCGAGATC,266,1
GCAGGACATGATACAATA,332,7
TCTACCCCAGACCCGCTA,324,4
AAGCGGAGCGAGCACAAG,253,1
ACGTTGCCGCTAGAGATC,285,3
CCGACGCGTGGCATCAAC,298,6
ACCTGAACGTTGTGAAGC,349,0
CTCGCATAAGGGTGCAAT,359,4
ACTTATGGCTGCTAAGGG,278,7
ACGTTGTGAAGCGTCGGT,266,2
ACGTTGCTCCATCGTGGC,285,3
CTCGCAGAATTATTGGAC,304,4
AAGCGGCCAGACCTGTGT,306,2
CCGCTAAGCGAGGTTGCC,272,1
ATCAACATACAGTTCATA,255,0
CTCGCACTGTGTTAGAGA,350,1
CTGAAACAACAAATCTCT,216,1
TTAACTATTCCATAGAGA,202,7
AAGCGGGTCCCGTAGAGA,283,3
TAGAGATCGTAAAGGACT,289,0
TAGTCGCTTCTGGGGTTT,351,1
ATCAACCCAGACATACAG,377,0
CCTTTCCTCCATATTCCA,277,4
ATGCTTTGAAGCAAGTAC,265,0
ACCTGAGGACATCCGCTA,421,6
CCATCTCGTGGCCTCGCA,290,11
CTCCATCCTAGACATCCC,333,0
TGGATGACTTATAACCTA,300,7
AAGCGGTCTACCGTTGCC,261,2
CTCCATGGCTGCGTAATG,223,5
CATGATAGTCGTATCAAC,238,5
AGGACTTGATCATCAAAG,284,1
CGTATTGCGTCCCTGTGT,285,0
ACGTTGCATGATGAGATC,273,7
CTCGCACTCCATGGCTGC,276,6
CGCACCAGCGAGGCCCTC,255,7
ATCAACTGATCATAGAGA,321,0
TTCCGCCCATCTGAGATC,277,2
GGTACATTCATAGAATTA,275,4
GCCCTCCAACAAGCGAAT,311,11
TATGTATGCAATCTCCAT,303,3
TCAAAGCGTGGCCCAGAC,220,8
TCTACCCCAGACATACAG,373,13
GCGAATCCGACGCTTCTG,375,0
CTGTGTCTGTGTCAAAGT,304,11
GCAGGATGCGGAGGGTTT,380,3
AAGCGGTAGCATCTTCTG,338,1
CGCACCGTCGGTATTCCA,218,5
CTGTGTTACTTCCTCGCA,294,1
GCGAATTAGTCGTATGTA,262,1
GCAGGAATGCTTGAACGC,231,5
GCCCTCGGCTGCTGAAGC,211,5
CTCCATTCGGGTTATTGT,337,0
TGCGGAGTCGGTATCAAC,341,2
GGACATGCCCTCAGTCGT,278,9
AGCGAGCACAAGATTCCA,259,2
ACCTGAATCAACGGGTTT,316,2
AACCTAGCCCTCCTGTGT,261,8
TTCCGCCGAGTAGTCCCG,217,5
TTTAGGCATCCCAGGACT,317,3
CCATCTTAGAGATTTAGG,258,2
GAATTAGTATACGGCTGC,337,0
AAAGTTGACACTTAAGGG,290,5
CGCACCATTTGCCCGACG,278,2
TTCATACGTATTCACAAG,253,3
ACGTTGTCGGGTTAGTCG,225,1
CTCGCATGCAATAAAGTT,283,1
ATTCCACGTGGCCCAGAC,331,7
TCACTTGACACTATACAG,332,0
TGCGGAGCCCTCTCGGGT,269,0
TTCCGCCGTGGCTTCCGC,298,2
GAGGAGACGTTGCTGTGT,205,4
ACACCCTGCAATTGCAAT,293,3
AGTTTAAGCGAGAGATGG,246,9
TCGTAAGCTGTGCATCCC,243,3
CCGCTACATCCCCATGAT,359,0
GTATACTAAGGGCCATCT,274,3
CATGATGGGTTTCTGTGT,255,4
CCGACGGAGATCTGAAGC,325,1
TAGCATAAGCGGATTTGC,247,2
ACCTGATAGAGACTGAAA,254,1
CCTTTCTTTAGGATTCCA,257,6
TGTGCGGTCCCGCGCTTG,259,9
TGATCACGTGGCCCGACG,265,1
ACCTGAACGAGCGTCGGT,279,6
CGCACCCAACAAATTTGC,292,11
TAGCATGGCTGCTGAAGC,301,4
TCTACCGGGTTTAACGCC,289,2
TCTACCAAAGTTAAAGTT,248,2
CAACAAGAATTACTTCTG,246,3
GAGGAGCCGCTAATTTGC,266,4
CCATCTCGTGGCATTTGC,281,5
GAACGCTTCATAATACAG,260,3
AAGTACTAGCATCATGAT,205,1
CATGATGGCTGCTCAAAG,212,2
ACGTTGCATGATGACACT,288,6
GGTACACGGCAGCCGCTA,321,1
GTGGTAAGGGTCCATGAT,234,10
TTCCGCCGTGGCATTTGC,328,6
CCTAGATAGTCGGCTCAA,280,1
CTGTGTCGTGGCCCGCTA,268,1
GACACTAATAAAAAAACG,241,2
TACTTCCTCGCAGTAATG,222,3
GCGTCCAATAAATAAGGG,307,4
GTTGCCACTTATTCGGGT,269,7
TGGATGACAATAAGCGAG,291,1
TTCCGCATGCTTGCAGGA,249,3
TTTAGGGCTGTGCCGCTA,317,4
CCAGACGTCGGTGGGTTT,258,1
CTCGCATTTAGGCTCGCA,276,4
GAACGCATGGCGCCAGAC,331,7
TGCGGAGGACATACGTTG,298,1
ACGTTGAAAACGCGCACC,276,4
ATGGCGAGCGAGAGTTTA,297,2
ACAATACCGCTAGATCTT,308,4
AATAAATTTAGGGCCCTC,244,1
CTCGCACCAGACTGCAAT,279,3
TGATCATAGTCGTATGTA,310,0
CGGCAGGGGCGACCTTTC,267,2
TTCATAGGCTGCATTTGC,266,2
TTTAGGTGATCATATTGT,304,2
CTGTGTCGTGGCTTGGAC,250,2
GATCTTCATGATTGATCA,290,9
CCGCTAAGTCGTGCTCAA,379,0
CGCTTGGGGCGAGTCCCG,219,7
CTGTGTTGTGCGTGAAGC,330,6
CTCGCAGTAATGGTCGGT,297,6
CTCGCACATGATGCCCTC,366,6
GCGTCCGATCTTTACTTC,285,0
CTGAAAACAATATATGTA,306,12
ACGTTGAAAACGGTAATG,235,3
TAGTCGGGACATAGATGG,313,2
TGCAATTAGTCGTGCAAT,296,7
AACCTATAAGGGTCGTAA,301,3
GCCCTCTTGGACGTATAC,213,5
GTTGCCATCTCTGGCTGC,248,3
TGATCAGTCCCGGCAGGA,332,0
GTATACATTTGCTTGGAC,304,1
TGCGGATACTTCTAGTCG,259,3
TTAACTGCAGGAGCCTAG,293,7
AGGACTATCAACAGCGAG,253,6
GTTGCCGGACATGTCGGT,275,2
TCAAAGGGGCGATCACTT,210,3
AGCGAGTATTGTAGATGG,297,1
CACAAGAAGTACCCTTTC,247,2
TATGTAACAATACTCGCA,271,0
TATGTATCGGGTTCAAAG,295,5
TGATCACATGATCGAGTA,303,5
CGCTTGATTCCATCTACC,266,1
CTGTGTTCGGGTAGGACT,257,4
TGCGGAAGGGTCCTTCTG,333,7
ACACCCCATGATCCAGAC,305,0
TGATCAGGGCGAATACAG,345,3
GCAGGAACGAGCGCAGGA,276,2
TGCGGAACCTGATGCAAT,287,11
ATCAACAAGTACAAAACG,297,11
CTCGCACAACAATGTGCG,405,4
GCTCAATGATCAGTCCCG,317,7
ACACCCTAAGGGTAGAGA,317,3
AACGCCATCAACTACTTC,317,1
AAGCGGTCTACCATACAG,413,6
GCAGGATGTGCGATACAG,265,2
TGATCAGATCTTCCAGAC,237,4
CGCACCAGTTTAGTCCCG,292,1
GCGTCCTAGCATCCGCTA,211,5
GGGCGACTCCATCGTGGC,247,5
ATACAGGGGTTTAGTCGT,396,3
CCGACGCTGTGTGAGATC,220,5
TACTTCAGATGGCCGCTA,265,1
TACTTCTCGTAAGGGCGA,264,0
AGGACTTAGTCGTGATCA,314,2
CGGCAGGCAGGAACAATA,305,0
TCTACCTCGGGTATCAAC,241,2
TTCCGCTCGTAACATGAT,288,2
AAGTACGCAGGAGCTCAA,301,2
CAAAGTTGGATGATACAG,298,1
AGATGGCCAGACAGATGG,255,9
CCAGACGCCCTCCATGAT,324,13
CCGACGGCCTAGCGGCAG,296,1
CTCGCAGGGCGAGCTCAA,285,5
GCGTCCATTCCACCATCT,278,0
ATACAGTGAAGCCAACAA,245,4
AACCTATTCCGCAGATGG,205,3
AACGCCCCGCTACCTTTC,370,0
AGTCGTGTCGGTAGATGG,230,2
CCGCTAATACAGCATCCC,294,2
GATCTTGCCTAGTTGGAC,290,8
TATGTAATACAGCGTATT,292,2
AAGCGGTTTAGGATCAAC,213,1
GGGTTTGCAGGAATCAAC,238,1
TAGTCGTGAAGCGTCGGT,328,0
TGTCACGCTCAAATCAAC,281,0
ACAATAGCTCAAAGATGG,284,8
CACAAGGCCCTCATTTGC,276,4
TCTACCACAATACATCCC,266,4
TGATCATAGAGATAGAGA,251,6
TGCGGAAGGACTGGGTTT,298,2
CTCGCAACCTGAGCTCAA,278,1
TGCGGAGGCTGCGTCGGT,270,2
GAGGAGGCTGTGTAGCAT,282,2
GCGAATATGCTTTCACTT,210,5
CCGACGGCTCAATCGTAA,329,5
GCGAATCGGCAGTTTAGG,284,5
AGTCGTGCGAATCGTGGC,251,7
CCGACGCTGTGTCCATCT,295,2
GGGTTTCTCCATGGCTGC,267,9
TCTACCCTTCTGATGGCG,313,8
AGGACTCGCACCAACCTA,271,2
GCCCTCGCCCTCATACAG,261,1
TATGTAACTTATAAAACG,239,1
CCGCTAAGTCGTCTCCAT,267,1
CCGCTACTTCTGCTCCAT,277,1
CTCGCACATGATGTAATG,343,1
ACGTTGTAGTCGGGCTGC,202,3
ATGCTTTGTCACTACTTC,228,2
CGAGTATAGCATATTCCA,286,12
GGACATGGGCGACGTGGC,241,0
TGCGGATAGAGACAACAA,258,2
AACGCCCAACAAGGGTTT,211,9
TGAAGCGGTACATCTACC,247,2
TGATCAACGTTGCTTCTG,259,4
AACGCCCACAAGAGTCGT,329,2
CAACAAAACCTAATGGCG,218,4
TCTACCCCATCTTGAAGC,261,2
CGTATTGGGTTTAGCGAG,231,5
TGATCATGCAATTAGTCG,311,0
CAACAATCGGGTAAAACG,289,4
ATACAGAATAAATTCCGC,294,2
CTCGCAATGGCGTCGGGT,262,2
AGTCGTAGTCGTTTTAGG,256,2
GTAATGCTGTGTGCCCTC,304,0
GTTGCCGTAATGCCGACG,224,7
TAGTCGCCGACGATTTGC,279,0
AGTCGTGCTGTGATGGCG,258,3
TGTGCGAATAAAAAAACG,228,9
TTTAGGATCTCTATACAG,311,4
ACGAGCGGACATTATTGT,324,3
ACGTTGTAGAGAAGCGAG,287,4
ACGTTGTTTAGGGCCTAG,222,1
AGCGAGCCGACGGAGATC,242,9
GCAGGAAACCTACCGCTA,365,0
CCTAGAAGGGTCCCAGAC,235,5
CTCGCATAGAGACATGAT,258,3
CGAGTAGAGATCATACAG,207,3
TAGAGATCGTAAGAGATC,201,2
TTCATAATTTGCTGCGGA,234,1
ACGTTGCATGATTGCAAT,314,2
CAACAACGTGGCGCTGTG,210,1
CTGTGTGCAGGATACTTC,221,5
GTCCCGACAATATTTAGG,227,2
CATCCCTAGTCGTTCATA,280,0
GCCTAGATCTCTTTCATA,278,2
TTCATATCACTTTACTTC,242,3
AACGCCCGTGGCTTTAGG,257,7
AAGCGGAGCGAGTAGTCG,216,3
CGAGTAAACCTAGATCTT,285,8
CTCGCAAATAAAGTGGTA,236,1
GCTGTGTGGATGATCAAC,304,7
ACGAGCCCAGACAAAACG,203,3
GCGAATAGTTTATGCGGA,218,5
TATGTACTGAAAAAGTAC,390,8
CCTAGAAGCGAGCAAAGT,266,2
CTCGCAAGGACTGCTCAA,317,1
CTTCTGGCTCAAATCAAC,200,5
GTGGTACGGCAGACCTGA,291,0
CCGACGTGCAATGGGTTT,226,5
ATGCTTGACACTCGCTTG,228,3
CCGACGGGACATGAGATC,291,4
CTCCATCTTCTGGCCCTC,270,2
CAACAAATGCTTTCGTAA,255,2
CCGACGCCGCTAATTCCA,278,5
TGTGCGGACACTAGTCGT,222,4
CTCGCAGTGGTAGTTGCC,298,4
TCTACCCTCCATCTGAAA,309,1
ACGTTGCCAGACGTCGGT,280,1
GACACTCTGAAATTCATA,311,8
CTGTGTGGGTTTGTCCCG,278,1
CCTAGATAAGGGATACAG,257,4
CGTATTTCACTTATGGCG,254,1
CATGATCGTGGCTGTGCG,259,2
CCGCTAAATAAACCGACG,277,2
CCTTTCCTCCATTTCATA,257,1
CGGCAGTTGGACCATGAT,301,2
CAACAACAAAGTGCTCAA,282,0
CCATCTTGGATGTGCAAT,335,0
TAGCATCATGATAGGACT,287,0
CCTAGATGATCATTCCGC,229,3
GAGATCAACCTATAGTCG,241,0
TGCAATCCAGACTTAACT,222,5
TGCGGAGCAGGATGGATG,287,2
GCAGGAGTCCCGTATGTA,204,2
GTTGCCGTAATGGCGAAT,220,3
TGATCACCATCTAGTCGT,257,6
ACACCCGCTGTGATACAG,265,3
ATGCTTTGATCAGTCGGT,302,4
TTTAGGGCAGGATCTACC,347,2
AAGCGGGCGTCCATTTGC,243,2
ATGCTTGCTCAATATGTA,260,2
CTCGCACGGCAGCGCACC,275,3
ATCAACTACTTCAAAACG,240,7
CGTGGCTTAACTCTTCTG,270,1
CTCGCACATGATGCTGTG,297,4
AACCTAAAGTACCCATCT,270,1
CCGACGCCGCTACGCTTG,283,4
GCGAATTGGATGGCAGGA,291,2
TTAACTGCAGGAATCAAC,285,0
GCGTCCCATCCCGAATTA,312,1
ACGTTGCGCTTGTCGGGT,272,3
GTATACGGACATCATCCC,297,1
CGAGTAACGTTGTACTTC,253,4
TGCGGAAACGCCACAATA,265,2
CAACAAGCAGGACCGACG,287,1
CTCGCAAAGCGGGAGATC,223,0
ATGGCGTCGTAAGTCCCG,297,1
GTAATGGGTACATGCAAT,291,0
CAACAAGTCCCGATTTGC,204,9
GCGTCCTAGTCGCATGAT,286,1
AACGCCATCAACCTCCAT,314,1
ACTTATGCGTCCCCATCT,274,2
CTCCATCGCACCGGTACA,280,2
GCGAATCGCACCTAGAGA,293,6
TCTACCACTTATGGACAT,333,3
AGGACTCATCCCTCAAAG,262,1
CAAAGTGGACATTGGATG,264,0
GATCTTTGATCACGTATT,325,0
TGCGGAGCCTAGGTCGGT,383,0
GTCCCGTACTTCTCTACC,335,0
TGAAGCTAGTCGGGGTTT,220,11
CCAGACTCGGGTGGGCGA,250,1
CTCGCAGTCGGTGCTCAA,283,6
CTCGCAATTTGCGAGATC,226,3
GCAGGACAACAACGTGGC,280,0
CATGATTGTGCGAAGCGG,254,7
CCTTTCCTGAAATCTACC,234,2
GAGATCGGGTTTTAGTCG,244,11
CTCGCAACGAGCCCAGAC,269,4
TCAAAGCATGATCACAAG,253,0
CTCGCACGGCAGTCTACC,247,4
CCAGACGTAATGGGGCGA,278,4
CGCTTGGGGTTTTCGTAA,280,1
TCTACCTCGTAACACAAG,250,2
CTCGCATAGCATCCGACG,212,3
CTTCTGCTTCTGGGGTTT,221,5
TAGTCGTCGGGTAGATGG,320,0
AGTTTAGCTCAAGAATTA,325,0
ACGTTGTGCAATGTCCCG,244,1
ACGTTGCTGTGTATTCCA,250,4
ACGTTGGCCCTCCCATCT,267,2
ATCTCTCAACAAGCTCAA,237,1
CACAAGTGATCAATTCCA,211,1
CCGACGACAATATTGGAC,268,4
ATGGCGATACAGTTCCGC,211,3
CCGACGTCTACCTATGTA,323,0
TGTCACACTTATATTTGC,236,0
AAGTACTAGAGACCTTTC,261,4
CCTAGACAACAAGCTCAA,234,1
ACAATACAACAATAAGGG,309,1
GCAGGAAGGACTCTTCTG,257,1
TCTACCGAGATCCGTATT,284,4
GTTGCCTAAGGGAACGCC,303,0
TCAAAGCATGATATTCCA,267,6
TGAAGCAGTCGTGAGATC,266,2
CATCCCATACAGTCGGGT,268,7
TGATCAGTATACCATGAT,314,2
CCGACGACTTATATCAAC,331,1
CGGCAGCATCCCGCAGGA,260,7
CTCGCAATTCCAATACAG,274,1
TGCGGAGCCCTCCGTATT,254,3
GTATACCTGAAATATGTA,277,1
GCGAATACGAGCCATCCC,218,3
TTCATACTTCTGGCAGGA,264,0
CCGACGAGTTTACAACAA,268,3
CTGTGTAGGGTCAGATGG,233,12
CTGAAACTTCTGGAATTA,201,5
GTATACATTCCATAGTCG,203,12
AGTTTATGCGGATGAAGC,216,8
GCCTAGAAGTACAAAGTT,236,8
CCGCTACGTGGCCATCCC,266,3
ACGAGCTTTAGGCGAGTA,254,8
ACTTATATCAACCCATCT,248,0
CTCGCAGCTCAAATGCTT,251,1
GCCTAGAGGACTTTGGAC,263,7
ACGTTGCGCTTGCATGAT,254,4
TTAACTACTTATCCAGAC,239,7
CATGATGCGTCCTCGTAA,254,7
CCATCTGCAGGAAGTTTA,253,4
GCGAATCGTGGCGAATTA,356,8
AAGCGGGTGGTAGGACAT,338,1
TCGTAATAGAGAAAGTAC,285,12
TCGTAATTTAGGTACTTC,231,2
TGCGGATTTAGGTGTGCG,263,1
TGAAGCCTCCATGGCTGC,218,5
TGCAATATTCCATCGTAA,255,4
ATGGCGTGAAGCACGTTG,268,2
CCATCTACGAGCGTCCCG,271,7
CTGAAACATGATTGCAAT,265,1
ACCTGAGGGTTTATTCCA,301,3
CTCGCAAGGACTAAAACG,218,4
CACAAGTTAACTAGCGAG,275,0
CGGCAGGCTCAAGTTGCC,268,6
GTGGTACATGATGTGGTA,280,3
CCGCTATGTGCGCTGAAA,210,5
AGCGAGTTTAGGCAACAA,347,0
CTGTGTACGTTGTTCATA,200,3
ACGTTGGTGGTAAGGACT,244,6
AACCTAAGCGAGAACCTA,305,0
CTGTGTTGGATGGAGATC,293,13
GTGGTATAGTCGTTCATA,269,2
AATAAAGACACTGCAGGA,226,5
CTCGCACTGAAAATTTGC,225,3
TCTACCCTCCATAGATGG,282,8
AAGCGGAAAGTTTGAAGC,248,3
ACGAGCAGGACTGCCCTC,232,2
CTCGCACCTAGACCTTTC,206,3
TTCATAATGGCGTAGAGA,251,4
GTTGCCGGCTGCGCTCAA,302,0
CATGATCGTGGCGGCTGC,226,2
CGGCAGCATGATGTTGCC,240,12
ATTCCAGCTGTGCTCCAT,318,0
GCTGTGCCAGACGCAGGA,279,3
GCTCAAAGGGTCATACAG,240,1
ACGTTGATCAACCCTTTC,221,4
ACCTGAACGAGCGTCCCG,251,2
GTGGTAGGGTTTTACTTC,262,1
TAGTCGGGCTGCCCTTTC,332,0
CTCGCAATTCCAAGATGG,205,5
TCGTAACCAGACGCTCAA,263,2
CTGTGTTGTCACAGTTTA,245,4
CTTCTGTATTGTCCATCT,287,11
GAGATCAGTTTAACACCC,254,1
CGAGTAGCGTCCAGATGG,419,0
ACGTTGAACCTACCGCTA,261,3
GCCTAGATGGCGATTCCA,297,0
ATTCCAGCCCTCCAAAGT,281,12
GAGATCAGCGAGATGCTT,236,5
TTTAGGAGTCGTTGCAAT,237,4
TCTACCGCAGGACCGCTA,261,6
ATGCTTTTGGACATCTCT,266,12
ATCTCTCGCTTGATTTGC,269,2
TAGTCGCTCGCAAAAGTT,218,2
GCGAATTTGGACGAGATC,304,0
AAAACGCATCCCTAAGGG,249,4
TTCATAATGCTTATTCCA,229,4
GCCCTCCCATCTGTCGGT,320,4
GTAATGCCGACGCTGTGT,240,0
TTAACTATCTCTAGATGG,224,7
ACGTTGAGGGTCCTTCTG,300,1
CATGATTTGGACCCAGAC,261,0
TAGCATAAAACGTCAAAG,231,1
TAGCATATCTCTTAGCAT,290,0
TGATCAAGTTTATGCAAT,224,3
TTAACTCTGAAACCTAGA,250,2
TGCGGAACGAGCGAATTA,204,9
CCATCTAACCTATAAGGG,274,2
GGACATATTTGCCAAAGT,271,1
AACCTAAAAACGCATCCC,371,4
CCGACGTAGAGACTGTGT,312,1
GGACATAATAAACTGTGT,256,1
TGATCATCGGGTATTTGC,225,1
AGTTTAAAAACGAGGGTC,223,9
TACTTCGGACATGTCCCG,312,0
ATCAACTCACTTTGAAGC,321,1
CCGACGTGTGCGTGAAGC,275,4
CCTAGAGTATACTAAGGG,275,2
TTCCGCTGTCACCGTGGC,202,5
CTCGCACGCTTGGTATAC,254,3
GACACTATTCCACCATCT,218,1
GAGATCCGCACCTGATCA,265,0
GAATTAGGACATAACGCC,283,1
GTCCCGAGTTTAGAGATC,257,12
CGGCAGACCTGACTCGCA,253,3
GGGCGAACAATAGAATTA,224,2
TTCATATGTGCGTGCAAT,282,6
CCAGACAGCGAGGAATTA,241,13
CCTTTCCTGTGTGAACGC,267,1
GCGTCCAGGGTCTCACTT,240,6
AACGCCAAGTACCCTTTC,230,2
AACGCCAAGTACGCGTCC,245,2
TGATCAGGGTTTGCAGGA,245,4
AGTTTATCGGGTGGACAT,201,9
TATGTACATCCCCTGTGT,264,1
ATTCCAGCCCTCCATCCC,208,3
CGCACCCCGACGCGTGGC,240,1
TTCCGCGGGCGATGCAAT,356,0
GTTGCCATGCTTTGTGCG,297,0
AAGCGGAACCTAGTCGGT,207,1
AACGCCGATCTTTCTACC,235,7
CACAAGCGTGGCGCTCAA,241,0
CTCGCACCAGACCTCCAT,251,3
ACGTTGTAGAGAGGGTTT,234,3
TTTAGGAAAGTTTGAAGC,219,2
CCATCTAATAAACTGTGT,286,0
CCGACGATTCCAATTTGC,227,3
CTTCTGCCAGACAGTCGT,249,12
GCCTAGCATCCCAAAGTT,231,5
CGCTTGTCTACCTTGGAC,233,0
TTCCGCTTTAGGCGTGGC,251,7
ATGGCGTAGAGAGCGAAT,244,0
CGGCAGATTTGCAAAGTT,219,2
CTCCATGGGTTTTTTAGG,314,13
AAAACGCATCCCAGTCGT,304,11
ACGTTGTGGATGGCAGGA,253,6
CCGACGGATCTTGCGTCC,218,1
GCAGGATTGGACTGAAGC,314,0
AGGACTATTTGCAGTCGT,223,3
CTCGCAGCGAATTAAGGG,236,4
AGGACTGCTGTGGTCGGT,282,2
CTGTGTAACGCCAAAGTT,265,1
GGGCGAGAATTAGCTCAA,302,2
TACTTCTGGATGCCATCT,329,0
TGCAATCCGACGTCGTAA,283,1
ACAATACATGATTATGTA,316,7
CCGCTAAACCTATGCAAT,207,3
ATCTCTTAAGGGATACAG,279,0
GGACATGCTCAAATTTGC,201,1
GAACGCGTCGGTCCTAGA,270,4
TTTAGGAGTTTACATCCC,241,2
AGGACTGTCGGTAGCGAG,243,4
TAGTCGTACTTCTGAAGC,267,0
TCACTTACGAGCCCGCTA,245,7
AGTTTAGCGTCCCCAGAC,213,11
GGGCGATGCAATGCTGTG,242,2
ACGTTGACAATACAAAGT,214,3
AAAACGTTCATAATTTGC,232,3
ATACAGTATTGTGTGGTA,240,12
ATCTCTGCTCAAAGGACT,255,2
AAAACGAAGTACGAGGAG,234,2
AACCTATTTAGGTTCATA,200,0
CCTTTCAATAAAAGATGG,245,0
CTCGCATAGAGATCTACC,271,0
ACTTATTGTGCGAGCGAG,237,5
CTCCATTGTGCGGCCCTC,213,6
TCTACCGCCCTCTGCGGA,281,1
GGCTGCTCTACCTCAAAG,221,1
CCTTTCGGCTGCACGTTG,257,1
TCTACCTTCATAATTCCA,278,12
CCAGACATGCTTTTTAGG,275,13
CACAAGACGAGCTATTGT,234,7
GTTGCCCGCTTGATCTCT,230,8
GAGGAGAGCGAGCTCGCA,218,0
GACACTTAGTCGGCAGGA,238,2
TTCCGCCTCCATTAGTCG,258,1
ACCTGAATACAGATTTGC,272,1
CCTTTCTTAACTCAAAGT,292,0
CGAGTAACGAGCGCCCTC,229,2
TTAACTCACAAGAAAGTT,262,4
GTGGTAGGGTTTTCAAAG,209,2
TGAAGCTTGGACAGGACT,234,0
AGCGAGGTCGGTATTTGC,238,4
GTTGCCGCCCTCTAGAGA,247,2
TGCAATATGGCGGCTCAA,262,3
TGCAATCCAGACCGAGTA,206,3
AAGCGGGCTCAAATTTGC,263,1
GATCTTAGATGGCCTTTC,211,9
ACTTATGAATTACTTCTG,205,1
CAACAAGGGTTTGTCGGT,240,4
CTCGCAAACCTAACTTAT,268,11
GAACGCACGTTGTAGCAT,221,4
TGCGGAAAGCGGTATGTA,226,0
TGCGGACGTATTATTTGC,304,4
TATGTAGTGGTACATCCC,246,4
CGGCAGTAAGGGGCCTAG,234,4
TGATCACATCCCTGCAAT,242,4
TTCATAAAGTACTTAACT,230,1
AACCTAGGCTGCGCGAAT,261,11
CTCGCAGATCTTGGCTGC,284,0
CTCGCACATGATCTTCTG,252,3
ATGCTTGATCTTATTCCA,288,0
AACCTAAACGCCTGAAGC,213,6
CTCGCAGACACTTGTGCG,203,0
ACCTGATTGGACATTCCA,295,3
CCGCTAGCCCTCATCAAC,278,4
GTCCCGGGTACAAACCTA,233,2
TGCAATCTCCATAGTCGT,265,1
CCTAGATAAGGGGCGAAT,228,0
CTCGCAGCGAATACAATA,261,1
TGTCACCATCCCTTTAGG,205,1
TGAAGCCGTGGCATACAG,290,1
ACTTATTCGGGTATTCCA,238,2
TCACTTCGTATTATTTGC,265,8
TTCATATAGTCGTGAAGC,283,7
CCATCTTGTGCGATGGCG,255,1
GCAGGATGCAATTGATCA,270,1
TAGTCGATTTGCATACAG,297,0
AAAACGATCAACGATCTT,251,2
CAAAGTATCAACTATGTA,243,1
TATGTAATGGCGTGAAGC,322,0
TTCATATCGTAATCTACC,295,0
ACAATACGCTTGCTGTGT,254,4
ATGCTTGCTCAACTTCTG,254,4
CTCGCAGCGAATAGTCGT,260,3
CCAGACACAATAGGGCGA,290,1
CGAGTAACGTTGCTGTGT,219,3
ACACCCGGGTTTACAATA,294,5
TATGTAAGGGTCGATCTT,279,0
TCAAAGAGTCGTATTTGC,229,2
CTCCATTGTCACTCGTAA,334,0
CTCGCAAACCTATGAAGC,204,3
TCACTTCATCCCTGCAAT,227,4
CCTTTCAGCGAGTAGAGA,263,0
TGATCAAAGCGGGAGATC,311,8
CCTAGAGGCTGCATTTGC,209,3
GTCCCGAAGCGGGGCTGC,225,1
TTCATAGAATTACATGAT,234,3
CCGACGGTCGGTATTTGC,309,4
CTCGCAAGCGAGTTAACT,249,4
CTGTGTAGTTTAATGGCG,229,2
ACAATAGCAGGACTTCTG,232,6
CCGCTACGTATTAAAGTT,271,2
GCTCAATCGTAAAAGTAC,229,4
GAGGAGGCGTCCAGATGG,236,0
CCAGACCCGCTATAAGGG,263,6
CTGTGTGCAGGACGTGGC,200,6
TGTGCGCGGCAGAGGGTC,240,6
ACAATAATCAACAGCGAG,205,1
CATGATTCACTTTGGATG,251,2
TAGCATTTGGACGTCGGT,208,3
ATTTGCCTTCTGCCTAGA,267,8
CGAGTATAGCATAGATGG,267,1
TATGTATTTAGGACAATA,217,6
AATAAATTCATAAACCTA,219,4
CCGCTATTGGACTCGGGT,247,2
TAGCATGGACATGTCGGT,234,1
AAGTACTCACTTAACGCC,219,2
ACCTGACTGAAATTTAGG,219,3
CCAGACAGCGAGTGAAGC,249,0
CATGATCTCGCATGAAGC,316,0
CCGACGGGACATATTTGC,268,3
ATCAACATGGCGTGCAAT,233,1
CTCGCAGCCTAGTCGTAA,264,1
GCAGGATGCAATGCAGGA,326,0
GCGAATAGCGAGCGTGGC,270,2
AAGCGGATTCCAGCAGGA,244,2
TTTAGGGAGGAGCGGCAG,232,6
ACGAGCCGTGGCTACTTC,284,0
ATCTCTTAGCATCGCTTG,280,0
AAGCGGGCCCTCTGCGGA,269,0
GAACGCGCAGGATATTGT,213,1
TATTGTTGGATGTCGTAA,204,1
TCTACCGTCGGTGTCGGT,261,9
AACGCCAAAACGGCTGTG,232,2
GGACATTTCCGCACTTAT,207,5
CCTTTCCCATCTGAGATC,282,1
GCCCTCGGGTTTACGAGC,256,0
TATGTAGGACATAACGCC,201,3
CCGACGACTTATATTTGC,255,4
CTCGCACCAGACTTGGAC,241,3
AAGCGGCGTGGCATGGCG,254,0
AGGACTGCCTAGCATGAT,266,1
CTGAAATCGGGTATCAAC,238,3
GGACATGAATTAATCAAC,265,3
AACCTATTGGACATACAG,241,13
TATGTATAAGGGCTTCTG,234,2
TGATCAGAGGAGGGGTTT,200,2
CCGCTACGTATTCCGACG,227,3
CCGCTATCACTTATTCCA,237,3
GTCCCGAACCTACCGACG,234,0
ACGAGCGGCTGCGTCCCG,243,9
AGCGAGGTCCCGCACAAG,225,4
AGTTTATCGGGTGATCTT,226,0
GCGTCCGCGTCCCCATCT,285,1
TTCCGCAACGCCCTTCTG,241,1
GAGGAGCCGACGTACTTC,226,3
GTATACGCGTCCTTTAGG,238,3
TGTGCGTTGGACGTAATG,244,5
AACCTATTTAGGCTGTGT,218,4
CCTAGACAACAAGGACAT,290,2
GTATACCAAAGTAACGCC,219,2
AGGACTTGTCACGAGATC,224,1
CTCGCATATTGTTTAACT,228,1
TGAAGCGCCTAGCCGACG,239,5
ATCAACCTCGCACCAGAC,230,6
CTGTGTCACAAGCTTCTG,242,3
GGTACAATCAACATTCCA,210,5
CTGTGTGGACATGGGTTT,232,2
ACCTGAATCAACGTATAC,322,0
AAGCGGAAGCGGGCTCAA,245,1
ACCTGAGCTGTGGGCTGC,238,1
AGCGAGTTCATACTGTGT,284,2
GCCCTCGGCTGCATACAG,259,4
AACCTATGGATGTTTAGG,229,6
CGCTTGATCAACAGGGTC,237,0
GAACGCAGGACTAGCGAG,250,2
ATACAGGTCCCGTAAGGG,273,0
CATCCCCATGATAAAGTT,245,1
CTCGCAGCCTAGCATGAT,265,6
TACTTCGGGTTTCTCCAT,232,5
ACGTTGGCCCTCCGTGGC,250,4
CCATCTTACTTCTGTGCG,258,4
TCTACCGGTACACTTCTG,244,2
CAAAGTGCTCAAGGGCGA,251,2
CTCCATCATGATCGTGGC,231,2
CTCGCAGCGAATATCAAC,230,3
TTCATAGCGAATGCGTCC,263,0
AACGCCGGGTTTTCAAAG,260,8
CATGATTGTGCGTATTGT,263,0
CCATCTAGATGGTATGTA,261,0
CTTCTGTAGAGAGATCTT,219,1
GGTACAACGAGCATCAAC,235,0
CGTATTTCACTTGCTCAA,217,0
CTCGCATAGTCGCCATCT,202,1
ACGTTGACCTGAATCAAC,247,0
CGGCAGCTGAAAAGGACT,239,3
AAAGTTCCGCTAATACAG,258,3
TTGGACTGCGGAGTATAC,265,2
AACGCCGGACATTGCAAT,282,0
TCGTAACCGCTAGGACAT,234,1
TGATCAGATCTTACGTTG,238,2
AGGGTCTTTAGGCCATCT,213,7
ATCTCTCCAGACTTGGAC,294,2
CCTAGAATTTGCCTTCTG,204,2
AAGTACGGACATATACAG,266,13
AGGACTAGATGGATCAAC,231,3
CGCACCGGACATAAAACG,240,1
TCACTTTAGAGAATTCCA,247,6
TTTAGGCACAAGCTGTGT,261,1
CTCGCAGGGCGAGAGATC,213,3
GCAGGACCGACGGTCGGT,258,1
TATGTAGCCCTCAAAGTT,217,4
GCCCTCTCACTTATTTGC,219,1
TATGTAAGCGAGAACGCC,209,2
CGCACCGCCCTCGCTCAA,231,1
CCAGACCCGACGTACTTC,309,0
CGCACCCCAGACGCTCAA,267,2
TGAAGCTTTAGGAACCTA,268,0
TTAACTTTGGACCCATCT,279,0
CCGCTACGTGGCTAGCAT,268,12
CTCGCAACGTTGAGGGTC,225,6
GTATACCCGCTAGAGGAG,256,2
GATCTTATTCCATGCAAT,241,2
TGCAATCTCCATGCTGTG,245,11
TTCATAGGACATTAGAGA,239,1
CTGTGTTAGTCGCTGTGT,215,6
TATTGTTTCATATGAAGC,208,7
AGGACTGCTGTGGCTCAA,273,1
CACAAGCCGACGAACGCC,245,1
GGCTGCGTGGTATGCAAT,210,5
TATTGTCTCGCATAGAGA,295,4
AAGCGGTAGTCGTCAAAG,221,3
TACTTCGCCTAGGCGAAT,247,1
TGTCACTAGCATTATGTA,211,3
GATCTTATCTCTGTTGCC,248,0
AGCGAGATCAACATGGCG,215,0
GGACATAACGCCTCGGGT,288,0
GTTGCCTCGTAACATGAT,231,5
TAGCATATGGCGGAACGC,289,0
CCATCTGGTACATCGTAA,253,4
CTCGCAACGAGCCATGAT,227,3
GCGTCCCATGATTTTAGG,243,4
GCTGTGGGGTTTCCATCT,239,2
TCAAAGAACCTAAACGCC,201,0
ACTTATCATGATCTTCTG,330,2
ACGTTGGATCTTATGGCG,219,1
CGGCAGAAGCGGTAAGGG,225,2
GCAGGACAACAAGCTGTG,268,4
TCTACCTTCCGCTAAGGG,235,1
CTCGCATATTGTGCTCAA,263,5
GGACATGGGTTTTAGAGA,258,7
AAGCGGTGCGGATAGCAT,287,3
CGCACCATGCTTGTCGGT,319,0
CTGTGTTGTGCGGTCCCG,236,6
CAACAAATGCTTGCGTCC,246,1
TATGTAGCGTCCGTCCCG,264,13
AACGCCTAGAGAGGTACA,203,2
ATCTCTAATAAACATGAT,230,3
CTGTGTTGATCATAAGGG,213,1
TACTTCGTATACCGTGGC,270,0
AAAACGGCTCAATATTGT,238,2
AGCGAGCCAGACATTCCA,232,4
GCGTCCCTTCTGCGCACC,249,12
ACGTTGATCAACATCAAC,227,4
CGCACCGCGTCCATCAAC,208,4
CTCGCACCAGACGCGTCC,223,3
AAGCGGTTCATAGATCTT,222,11
CATGATTGTGCGGCTCAA,222,2
CGGCAGGCCTAGTTGGAC,217,1
CCAGACTCGTAAAGCGAG,248,0
CCGACGCCATCTAGGGTC,237,8
TAAGGGGAGGAGACGAGC,202,9
CCTAGATGAAGCATACAG,284,0
GAGGAGCCGCTAATACAG,234,2
TTTAGGGGACATATACAG,289,8
TATGTAGTATACTTCATA,251,11
TAGCATACGTTGGAATTA,209,3
CCGCTATTGGACTTCATA,221,3
TGTCACGGGTTTGCTCAA,203,1
CTCGCACGGCAGCATCCC,255,3
TGCGGATCTACCATCAAC,260,6
CGAGTACCAGACTGAAGC,256,8
CGCACCACAATAGCGAAT,213,1
TATGTAATTCCACCGCTA,229,4
CATGATTACTTCGAACGC,217,1
TGTGCGCCAGACATACAG,276,1
GCGAATCATCCCCGTATT,279,11
CGTATTGCTCAATCGGGT,230,1
TACTTCGTCCCGCTTCTG,240,1
ATGCTTTCGTAAGCTCAA,234,1
CAACAAGCTGTGCCGCTA,295,0
CCGACGGTCGGTGTCCCG,246,1
CTCGCAAGTCGTTGCAAT,202,1
AGGACTCATGATAACGCC,315,0
CAAAGTCGTATTGTCGGT,227,0
GCTCAAGCTGTGAAGTAC,248,3
TGTGCGCATGATGTGGTA,235,2
AACCTACTGAAATAAGGG,273,11
AGGACTGAGATCGCTCAA,233,3
CTGAAAAACGCCAGGGTC,268,2
CTGAAACATCCCAGCGAG,228,2
TGTGCGTTCCGCACAATA,214,2
AATAAAGTCGGTCCGACG,231,2
TAGCATCTCGCACTCCAT,324,0
ATTTGCTGTGCGATCAAC,237,13
CTCCATATACAGCATGAT,209,1
AAGCGGCAAAGTTTGGAC,238,1
CTCGCAATACAGTCGTAA,212,3
TTCCGCAAAGTTCCAGAC,212,1
AAAACGTGTCACTAGTCG,236,2
AACGCCCGCACCGTCGGT,229,3
CTCGCACTTCTGTTTAGG,244,4
TGCAATCCAGACCCGCTA,339,8
GCGTCCAACGCCCCGACG,272,0
GTATACGTAATGTGAAGC,298,0
TGCAATGGGCGAAGCGAG,210,2
AACCTAGACACTTGAAGC,261,1
CAACAACTGTGTACACCC,209,8
TGTCACAGTCGTCCGCTA,211,2
TGCGGAACGTTGCATCCC,263,3
TGTGCGGCAGGAAACGCC,212,11
GGACATCTTCTGCTGTGT,217,1
TTCATAAACCTAGCTCAA,207,3
TTCATACGTGGCGCCCTC,236,4
TTGGACCGCTTGGCAGGA,273,1
ACTTATATGCTTCTTCTG,212,3
CTCCATAGTCGTGGCTGC,220,0
GACACTATACAGTTTAGG,211,3
TGAAGCCCAGACGTCGGT,220,3
CATCCCCATGATCCGACG,227,1
GCGTCCTGCGGAGCAGGA,217,2
TAGTCGTGGATGTGGATG,238,2
TTAACTCATGATGCTCAA,255,6
GAACGCCTTCTGATGGCG,288,1
GTCCCGTGGATGTGTGCG,213,7
TCGTAAAACGCCATTCCA,223,2
GAGATCTTCCGCGCTCAA,252,4
CCGACGAAGTACATTTGC,241,8
CCTTTCCGTGGCAGGGTC,233,4
CTCCATGCAGGACTTCTG,296,7
CTCGCACTGTGTCTTCTG,227,3
ACCTGAGAGGAGTTAACT,224,11
ACTTATGACACTCGCTTG,259,8
GAGGAGAGTCGTTAGCAT,250,10
GCGAATGCGTCCCCAGAC,273,11
GTAATGCCATCTCGTGGC,279,5
TGCGGACCGCTATTGGAC,235,3
TAGTCGACGAGCTGTGCG,210,4
TTAACTACTTATGGGTTT,233,8
CGGCAGCCATCTCCGCTA,222,3
GACACTGTCGGTATTCCA,262,0
AACGCCGAGGAGCCGACG,219,3
GAGGAGTATTGTGTCCCG,253,1
GACACTAGCGAGGGACAT,245,0
GCTGTGCATGATTATGTA,241,2
TCGTAAGAGATCTTGGAC,215,4
CTGAAACCGCTAGAGATC,208,6
ATCAACTTGGACCCTTTC,212,6
ATCTCTTTGGACCCGACG,222,2
AAGCGGCCGCTAATACAG,205,5
GAACGCATTTGCATGGCG,210,4
TGCGGATGCAATATTCCA,246,0
GCGAATGCGTCCTCGTAA,234,1
CCGACGGCTGTGGTCGGT,293,2
TAGTCGCCAGACTGAAGC,258,4
TTCCGCAGGGTCAACGCC,308,0
CACAAGCGTATTACGAGC,265,0
GTTGCCATTCCAATACAG,233,4
TGCAATAGTCGTGGACAT,258,2
TTCCGCCATGATGGGCGA,200,1
CGCACCGGGTTTCAAAGT,271,11
TGTGCGGTCCCGTAGAGA,309,4
CTCGCACTCCATATACAG,223,3
TGCAATTCGGGTCTCCAT,206,1
CAAAGTATACAGCTCCAT,273,0
CTCGCACCGCTACTTCTG,293,3
GAACGCGACACTAGTTTA,271,4
GAACGCCACAAGCTTCTG,228,3
TCACTTGGGCGAATACAG,279,0
ACTTATGCAGGATCGGGT,215,2
GCTGTGTGCAATTGCGGA,226,1
TACTTCGACACTGCTGTG,245,1
TCAAAGCCGCTAGAATTA,259,0
TGTGCGGCCCTCGCAGGA,287,0
CGGCAGTAAGGGTCGGGT,204,1
TTTAGGACAATAGCAGGA,220,4
GTCGGTAATAAATCACTT,216,1
TCTACCTACTTCTTTAGG,217,2
ATTTGCGAGATCCCGCTA,222,0
CTGTGTGCGTCCCTCGCA,218,1
GAGGAGATCTCTGCTGTG,217,2
TTCCGCGACACTGGGTTT,271,0
ACGAGCGTGGTAAGCGAG,280,0
CCGACGAGGACTTGCGGA,211,1
GGACATTTTAGGGCCTAG,294,1
TAGTCGGTCCCGCAAAGT,208,4
TCGTAATAGTCGCATCCC,212,4
TCTACCTAGTCGCAACAA,239,2
CGCACCGATCTTAGATGG,229,2
CGCTTGGGGTTTAAGTAC,342,1
TTTAGGTAAGGGTGATCA,226,6
CCGACGAGGGTCAACGCC,210,1
CCTAGATCGGGTCTGTGT,238,2
AACGCCTACTTCATTTGC,244,2
CTCCATTGTCACCTTCTG,210,1
GACACTGGGCGAATTCCA,236,3
TATGTATGTGCGATGGCG,323,0
AACGCCTGTGCGAAGCGG,213,0
ACCTGAGGGCGAGGGTTT,220,4
TGATCATGCGGATTCATA,245,3
TCACTTAGCGAGAGCGAG,275,0
TGAAGCAGTTTATTTAGG,244,0
TGTCACAGGACTCATGAT,222,7
AAGCGGAAGTACGGGTTT,262,4
ACCTGAATTTGCAGGACT,211,6
GTCGGTGCTGTGCCAGAC,207,2
TTCATATGGATGGTCCCG,213,2
TTTAGGTTGGACATACAG,270,0
ACGAGCTTCATATTCATA,245,1
ATTCCATTGGACTTGGAC,255,1
CGAGTACCGCTACCAGAC,203,1
AAGCGGTGGATGTTGGAC,246,4
AATAAAAATAAAGATCTT,206,1
AGATGGACGAGCTAGAGA,244,1
CTGTGTTCGTAATGGATG,206,6
ATACAGGTCGGTGCCTAG,214,7
CGTATTCATCCCACGAGC,254,1
CCGCTAATGCTTGAACGC,289,0
AACCTAAGGGTCTAGCAT,221,1
CTCGCAGCTCAATGTGCG,262,11
TTCATACGTATTTGTGCG,214,4
CCAGACCACAAGACGTTG,264,1
CGCACCGTATACGCCTAG,217,1
TGTGCGGCAGGAACACCC,242,4
AGATGGTAGCATTGTGCG,233,6
CCGACGCAAAGTGATCTT,200,3
GGTACAGGTACAAAGTAC,242,2
TGTGCGGCTGTGTAAGGG,272,3
TTCATACTCCATATACAG,266,0
CAAAGTGTGGTACCAGAC,220,4
GAACGCAAAACGTATGTA,223,3
AAGCGGCCATCTCAACAA,255,1
AAGTACTACTTCAGGACT,331,8
AGTCGTTTGGACGGACAT,205,1
CATCCCAGATGGATACAG,233,2
GCCTAGGGGTTTAGATGG,202,0
TGGATGTTCATATGAAGC,234,0
TTTAGGAACCTAATTCCA,208,1
CTCGCATATTGTAATAAA,238,1
CTGTGTCACAAGTGAAGC,220,1
GCTGTGGTAATGTGTGCG,214,1
TAAGGGGCGTCCTATGTA,244,1
TATGTAGTGGTATGATCA,221,13
ACACCCCATGATATGCTT,245,2
CCGACGTGGATGATACAG,317,2
GCAGGATGAAGCACAATA,236,1
TAGTCGCGTGGCCGCACC,245,8
TATGTACTCGCATTGGAC,229,3
ACACCCACGAGCATCTCT,200,6
GCTCAACTTCTGATACAG,227,1
TTCCGCCTCCATGAATTA,271,2
TTGGACGACACTCTGTGT,240,0
CTGTGTGAGGAGCAAAGT,208,3
GCCTAGCTGTGTAGGACT,229,12
TTAACTAGGGTCCTGTGT,252,12
TTTAGGCAAAGTTGTGCG,233,11
ACGAGCGTCGGTGGCTGC,200,2
TGATCATTAACTATGGCG,206,1
AGTTTATACTTCTACTTC,226,0
CGCACCGGCTGCATTTGC,253,4
GACACTTAAGGGATTCCA,221,2
GCTGTGCGGCAGGCCCTC,232,2
GGACATCGCTTGCTTCTG,241,1
CGGCAGGATCTTTCACTT,214,3
CTCCATACCTGATAGTCG,281,8
TGCGGACTCGCAGTCGGT,231,12
AAGCGGCACAAGAGCGAG,200,4
ATCTCTTAGTCGGAGATC,205,3
ATTCCACGTATTCCGCTA,218,6
CTCGCAGGACATTGCAAT,208,3
GAATTAAAAGTTGGGTTT,239,8
ATTCCAATGGCGATACAG,200,4
CTCGCACGTGGCTAGCAT,276,6
GCGAATTACTTCATCAAC,271,4
TCTACCGCTGTGCCAGAC,305,0
TTTAGGCAAAGTAGGACT,230,8
CCGACGCTGTGTGGACAT,273,6
TCTACCTTTAGGCCAGAC,246,6
CATGATATACAGTGCAAT,229,12
CGGCAGGTCGGTCATGAT,215,2
GAACGCTGGATGGTCCCG,201,1
GTATACATACAGCGAGTA,246,1
GTTGCCCCATCTGAACGC,237,12
ATTTGCCGTGGCTTAACT,214,7
CCGACGTAGAGACAAAGT,236,3
CGCACCTTCATAGTAATG,246,4
GAATTAATCAACGGACAT,224,4
GACACTATCAACTAGCAT,269,7
ATGCTTCATCCCATTTGC,217,2
CCAGACCTGTGTGCAGGA,287,4
TGCGGACTGAAAGCTCAA,221,3
TGTGCGGCTGTGTTGGAC,239,0
CCGACGTTGGACTAGAGA,283,4
AACCTAGAGGAGACGAGC,202,1
AACCTATGGATGGTCCCG,213,1
CAACAAGCAGGAAGCGAG,202,4
TTAACTAACCTATATGTA,215,11
AAGCGGATACAGTAGCAT,236,1
CCGACGGGACATCCGACG,230,4
TGCGGAATTCCAGGGTTT,239,6
ATGCTTCATGATATGGCG,207,4
GGACATGCTGTGTGAAGC,209,3
TCACTTTTCATACCAGAC,220,4
ATTCCAGGTACAAGGACT,240,1
ATCAACCCGCTAACAATA,242,12
TGAAGCTGCAATCATCCC,269,0
TGCGGAATCAACTACTTC,222,4
GAATTAGTATACATACAG,225,2
TGAAGCGGTACATTTAGG,248,6
CCGACGTCACTTATTTGC,227,1
CATCCCAACCTACATGAT,207,1
GCCTAGCTCGCAGGGTTT,251,1
GCCTAGTAGTCGTAGTCG,246,0
GAACGCGCTCAACCGCTA,235,3
TGAAGCGCCCTCGCGAAT,215,1
AACCTACGGCAGGCTCAA,279,4
GCGAATCCGACGAGGGTC,244,5
GTCCCGTCGGGTGCAGGA,236,0
ACAATACCGCTAATTTGC,232,3
GACACTAAAGTTACTTAT,222,8
GCCCTCGCAGGACCGCTA,232,2
CTGAAATAGAGACTGTGT,219,0
CGTGGCATGGCGGTCCCG,210,0
TTTAGGCTCCATCCGACG,227,1
AGGACTTGTGCGCATCCC,293,8
CTCGCACATGATCCAGAC,203,3
TTTAGGGTATACCTGTGT,220,12
ACAATAAGCGAGTCGTAA,248,0
CCATCTCAAAGTGTTGCC,207,1
ACCTGAGCGTCCCCATCT,243,2
ATCTCTACTTATTCTACC,209,2
CCGCTACCGCTATCTACC,203,1
ATCAACACGTTGGCCCTC,207,2
GCTGTGTGTGCGGTCGGT,241,6
ACGTTGTCTACCTGCAAT,286,0
GTGGTAAGGGTCCGCTTG,276,0
AGGACTTCGGGTATTTGC,219,3
CACAAGGTCGGTTGAAGC,265,0
TAGCATGCAGGAATTCCA,259,0
TCGTAAAAAACGGGCTGC,238,0
AGGACTAATAAAGAACGC,265,0
AATAAAGCCTAGACTTAT,204,2
ACCTGAGCTCAAAAAGTT,290,0
GCGTCCTCTACCAAAACG,261,0
AACCTATTCATAAAAGTT,239,11
CTCGCATGATCAGCAGGA,240,1
AAAGTTAGTCGTTAGTCG,233,4
AGTTTACCAGACGATCTT,258,1
CCGCTATGGATGGCCCTC,200,3
ACGAGCCCAGACCCGACG,245,2
CCATCTAGGGTCCACAAG,262,0
CTCCATCCGACGAGATGG,225,3
TCTACCAACCTAAGTCGT,277,1
TGAAGCCTCCATGCAGGA,281,0
ACTTATATTCCATAGAGA,277,0
CATCCCTCACTTGCGTCC,248,5
CGCTTGCATCCCCCTTTC,239,1
GCGAATGCTCAAGGCTGC,220,1
TAGCATCATGATCAACAA,204,2
TATGTAAGCGAGTTTAGG,235,8
TATTGTTTCCGCCTTCTG,226,1
AAAACGATGGCGATCAAC,217,4
AAGTACCGCTTGCTTCTG,230,3
GCGAATTTTAGGAACGCC,226,0
AACCTATCACTTTAAGGG,230,3
ACCTGAGCAGGAGCTCAA,243,1
AGCGAGGGCTGCAGATGG,226,2
TCACTTATGGCGACACCC,208,1
TTCATAGCCTAGATTTGC,234,3
ATTTGCCCATCTGGACAT,217,2
GCGAATTTCATAATTCCA,223,2
CGGCAGTAGCATACAATA,205,1
GCTCAAGTGGTAATTTGC,201,2
GCTGTGTTGGACCAACAA,241,0
GACACTCAACAACATCCC,212,1
CTCGCAAATAAAGCGTCC,213,4
AAAACGTTCATATACTTC,226,3
CATGATAAAACGATGGCG,214,1
CTCGCACCGCTACATGAT,243,4
CTCGCATGAAGCTCGTAA,215,3
ATTTGCCGTGGCCGCACC,230,12
TGCAATGATCTTTAGAGA,209,4
TGCAATTTTAGGGCCCTC,242,1
AAGCGGGGGCGAATCAAC,314,0
TGCGGAATGCTTTAGCAT,244,4
AACCTACAAAGTGTAATG,213,1
CCATCTGGACATATGGCG,215,6
CTCGCAACAATACGTGGC,212,1
ATTCCAACAATAATTTGC,212,3
CCGCTACTGAAAGGCTGC,220,2
CCGACGGAATTACCGACG,253,2
GCGTCCAGATGGAACGCC,259,1
GTATACACGTTGTGAAGC,237,1
ATTCCAGACACTGTCCCG,267,2
ATCAACCTGTGTAAGCGG,244,0
CTCGCACTCCATTAAGGG,236,4
TGTGCGTTCCGCTTCCGC,214,3
AACCTAGCCCTCATCAAC,216,6
ATCTCTAGATGGTTTAGG,243,8
CGTATTGGACATGCTCAA,202,3
CTCGCATGTGCGTGAAGC,242,6
CTGTGTGAATTAGCAGGA,238,6
GATCTTTGTGCGGCGAAT,230,13
TTAACTGCCCTCTAGAGA,213,1
TAGTCGATACAGGTAATG,248,0
TGCAATTGAAGCGTATAC,237,0
TAGTCGCTCCATTACTTC,224,4
TGCGGAAAGCGGAAAGTT,208,1
AACGCCATCTCTTTTAGG,206,1
CTCGCAGTGGTAAGGACT,266,4
CCAGACTCTACCTGCAAT,238,1
TTCCGCGGGTTTCTTCTG,244,3
ACCTGAGACACTTACTTC,233,4
AGCGAGGAGATCGTCGGT,205,6
GCGAATCTGAAATGAAGC,203,4
GGGCGATTTAGGTGTGCG,233,4
GTCGGTCACAAGCGCTTG,251,1
TGAAGCATCAACCTTCTG,211,1
ACACCCGCTCAACCGCTA,255,0
TGAAGCGCCTAGCCGCTA,240,9
AAGCGGATTCCATTCATA,213,1
CATGATCCGCTACTTCTG,248,0
GAGGAGCCATCTATTTGC,206,4
TTCATACATCCCCTGTGT,269,0
AAGCGGCCAGACAGCGAG,229,6
CCTTTCGCAGGAATCAAC,261,3
TGCAATCTGTGTAGGACT,216,2
TGCAATTACTTCATACAG,202,2
CGAGTAGACACTGCCTAG,258,3
CAACAAACAATAGCTGTG,253,0
CCGCTAGCGAATAGGACT,234,0
CTCGCAAAGCGGGAACGC,262,1
CTCGCAAGTTTAATGGCG,214,1
CTCGCACGGCAGCTCCAT,204,1
GTCCCGTTGGACGGCTGC,207,4
TCGTAAATACAGAGTTTA,234,4
GCTCAATCGGGTTTCCGC,209,2
TAGAGAAAGTACGTATAC,287,2
ACTTATGTCCCGTTCATA,234,2
CGCACCGCGAATCCATCT,221,2
ATTCCATAGAGAGTTGCC,237,4
CCTTTCCCATCTGACACT,202,1
CCATCTTGCAATGCCTAG,267,1
AAAACGGTCGGTTAAGGG,218,1
AAGCGGCAACAAGAGATC,201,2
TCTACCGCGTCCCCATCT,247,1
AACCTAAGGGTCCCAGAC,216,5
CCGACGTTGGACCCTTTC,215,6
CTCGCAGGGTTTGCAGGA,255,4
CTTCTGCATCCCCGTGGC,230,0
GTATACATGCTTTCGTAA,275,1
GTCCCGTGCGGAGTAATG,212,1
TTGGACAGATGGATACAG,214,4
ATGCTTACGTTGAGGACT,223,4
GGGCGAGCGTCCGCTCAA,206,2
GTATACCCAGACTGAAGC,223,6
AACCTAGACACTATTTGC,204,6
ACTTATAACCTACTTCTG,201,4
GAACGCATCAACTTGGAC,226,4
GCAGGAGGCTGCGTCCCG,247,2
ATCTCTCCGCTATGAAGC,202,9
CGAGTAGTATACCGGCAG,213,0
TTCCGCACAATAGTCCCG,362,1
TTGGACTGATCAAACCTA,219,1
CATCCCTAGTCGGCTCAA,204,0
CCGCTACGGCAGCTGTGT,246,3
GCCCTCGGGCGATAGTCG,224,4
ATTCCATAGCATCGTGGC,230,1
GGTACAATCTCTATTCCA,216,0
GTATACTTTAGGCGGCAG,244,0
CATCCCGCTCAACCATCT,201,8
CTTCTGCGTGGCAGCGAG,213,1
TCTACCACCTGATAGAGA,210,4
TGCGGACAAAGTAGATGG,222,1
TGTCACCCGACGGCCCTC,208,1
AGTTTAGTAATGATGGCG,228,0
AATAAATCACTTGCAGGA,207,1
GGTACAAACCTAAACCTA,234,2
TTAACTATCAACCCAGAC,204,6
AGTTTACAAAGTCATCCC,205,4
GCGTCCGTCGGTGTCCCG,238,8
ACACCCCCGACGACACCC,280,1
CATGATATCAACCATCCC,224,2
GCTGTGGGCTGCGTCCCG,248,1
GGACATTTTAGGGCTCAA,209,1
TAGTCGGTATACGAGGAG,205,0
TGCGGATGAAGCCAAAGT,203,2
AAAACGGAATTAAGCGAG,254,0
TAGTCGTGATCATGAAGC,201,3
CCGCTACGTGGCTCGTAA,271,2
TAGTCGCATCCCTTCATA,229,2
GCCCTCCTGTGTGGGTTT,262,5
ACGTTGCAACAAGATCTT,206,3
ACTTATGCTGTGTATGTA,221,4
CCGACGAGTCGTTGATCA,240,2
TACTTCGTATACCGCTTG,222,13
AACGCCGAATTACCAGAC,215,1
ATCTCTGGGTTTCTGTGT,210,4
GGACATGCCTAGGTGGTA,251,1
GTCCCGCAACAAAGGACT,212,0
CCGCTACCGCTACATGAT,222,3
GAACGCTGAAGCAGGACT,217,10
GCGAATGCGTCCGTCCCG,210,2
CCGCTATGAAGCTACTTC,275,0
GGCTGCGTATACATGGCG,245,3
AACCTACGGCAGATTCCA,255,4
CAACAAGCTGTGTTTAGG,206,1
CCGACGCCAGACATGGCG,256,6
CTCGCACATGATTGCGGA,224,1
GCTGTGGGACATGCCCTC,220,4
TCACTTCATGATAGCGAG,221,2
TGAAGCAGTTTACATCCC,241,1
ATGCTTAGATGGTTAACT,224,0
CCAGACTCTACCCAACAA,214,3
TATGTATAGCATCATGAT,286,1
TCTACCATGCTTCTGAAA,284,0
TGAAGCCCGACGCATGAT,205,2
ACACCCGCCCTCCGTGGC,213,1
CCGCTATGGATGTATGTA,229,1
CCGACGGCCCTCCTGTGT,210,1
GACACTCTGTGTGTTGCC,219,0
GGACATGGCTGCAAGTAC,214,4
TATGTAGGCTGCATTTGC,221,1
TATTGTATGGCGGCTCAA,246,0
TCGGGTGTCGGTTAGAGA,207,2
TAGCATACGTTGGATCTT,200,6
TGCGGAATACAGGGGTTT,214,1
CCTAGAATCAACGTCCCG,228,0
GCGAATTGCAATTGTGCG,266,1
GCTGTGGATCTTGATCTT,217,1
GTGGTACCGCTAATTTGC,259,4
CCGACGAGTTTATAGAGA,240,2
GCCTAGCGTGGCCTTCTG,206,3
TAGTCGTTCATAACAATA,205,4
GCCTAGTAGAGACTTCTG,204,1
TCACTTCATGATCCGCTA,217,0
TGCGGACGTGGCACGAGC,205,1
AGCGAGAGTTTACTGTGT,201,1
CCGACGTCGTAACATCCC,234,4
CGGCAGTAAGGGAAAGTT,237,4
ACAATACATGATATTTGC,226,4
TTTAGGCCAGACGCTCAA,210,1
ACGTTGGTGGTAATACAG,223,3
TCTACCGCTGTGAAAACG,211,1
TGATCACATGATTCTACC,211,3
ATGCTTAGCGAGCTCCAT,226,0
GGGCGAGCCTAGGTGGTA,234,7
TCAAAGACGAGCGTTGCC,206,2
ACCTGAGAGATCGTTGCC,266,0
AGGACTTTGGACATTCCA,233,3
AGTTTAGCTCAATCACTT,216,0
TAGTCGGCCCTCATTTGC,201,11
CCGCTAATTTGCTTAACT,204,0
ACTTATGCCTAGTTCATA,210,2
CCTTTCAAGTACGGGTTT,218,1
CTCGCAACGTTGCCAGAC,228,3
CACAAGTGCAATGCTCAA,226,6
GCGAATAAGTACGATCTT,215,4
TGATCAAGGGTCGAGATC,234,0
TGCAATTCACTTAGCGAG,205,1
TTCCGCCATGATAGCGAG,224,1
CAACAAGTCGGTCGTGGC,216,1
CTTCTGACAATATTCCGC,220,4
GCGAATGCTGTGAAAACG,204,0
ATGGCGGGACATGTCCCG,232,9
CTGAAATTCCGCATACAG,201,3
CCGACGGAATTAATACAG,244,3
CCGCTATGATCAATACAG,245,3
CAACAATAAGGGTATTGT,208,6
GATCTTTGTGCGGTCCCG,218,3
CTGTGTGGGTTTGCTCAA,221,1
TATGTAGCCTAGGAATTA,234,2
GCAGGAATTTGCCTCCAT,217,9
GCTCAACTCGCATGCAAT,215,4
GTATACGTCCCGATTTGC,207,1
GTTGCCAAAACGAGTCGT,236,8
GTTGCCGAGATCACACCC,260,7
GTTGCCTAGCATAACGCC,220,0
AACGCCCATCCCGTCCCG,262,2
ATGGCGGCAGGACAACAA,209,0
CTGTGTGAGGAGCTGTGT,215,4
TTTAGGAGGACTTGCGGA,206,4
GACACTCCATCTATGGCG,222,1
TTCATACTCGCAGGGTTT,228,1
AGTCGTCCAGACGAGATC,230,0
CCGCTATGGATGAGCGAG,211,1
CTCGCAGCTCAAAGCGAG,269,0
AACCTAGCTGTGACACCC,208,3
CGCACCGTCGGTCGAGTA,205,2
TAGTCGTCTACCCAAAGT,234,1
TCTACCCTTCTGCATCCC,233,10
TGCAATCCATCTTAAGGG,232,6
TTTAGGATCTCTTCGTAA,240,1
GAATTACGTGGCTGCAAT,215,0
ATCAACATCTCTATTCCA,208,4
CCAGACCTGTGTATTTGC,202,3
GAGGAGGTCCCGATGGCG,202,8
GTTGCCCTGAAAGGGTTT,207,4
TGTCACGAATTAGTAATG,205,4
CTCGCACTCGCATGTGCG,238,1
GTATACGGGTTTCTGTGT,203,1
AACCTAAGGACTCTCCAT,203,3
CTCGCAATCAACCTTCTG,246,4
GAGATCAAGTACTCTACC,234,7
GGGCGATTTAGGCTTCTG,210,7
TCTACCAGTTTATTGGAC,235,0
TTCCGCGCGTCCTTGGAC,206,3
CACAAGATGGCGTTGGAC,262,11
CCATCTCCATCTGCTCAA,226,2
CTCGCACATGATTTCATA,223,4
GGACATAACGCCCCGCTA,216,12
GTATACACAATACCGACG,203,2
GTTGCCATGCTTCCATCT,222,1
AACGCCCCGCTACCGCTA,263,1
ATGCTTTTTAGGCAAAGT,214,0
GATCTTGGCTGCCTCCAT,205,7
TGATCATGTGCGGTAATG,285,8
TGCGGAGCAGGATTCATA,218,3
CCGCTATGAAGCTGCGGA,215,8
GCGAATCATGATCATCCC,212,3
AGCGAGTGTGCGACACCC,201,0
CTCGCAGGACATAGATGG,229,4
CATGATGCCTAGGTCGGT,224,4
CCGCTACTCGCATAGAGA,203,2
CTCGCAAATAAACTGTGT,232,1
ATGGCGAAAGTTCATCCC,219,6
TCAAAGCGAGTAGTGGTA,217,11
GATCTTATGGCGACACCC,272,7
GATCTTTAAGGGTCTACC,219,1
GCTCAACTGTGTTGATCA,224,2
TATTGTCTGTGTTAGAGA,211,1
ATTCCAGCAGGAGAGATC,243,2
CGGCAGACCTGAAGTCGT,234,1
TAAGGGTTAACTGCTCAA,271,0
TGATCAAGGACTCCGACG,201,1
TGCGGATGTGCGTGCAAT,245,4
ATGGCGGCAGGATTCATA,218,4
CAAAGTCGCTTGTTCCGC,227,3
CTGTGTTTGGACCTTCTG,223,1
TTCCGCGCTCAACGGCAG,219,2
CGCACCATTTGCATACAG,229,1
ATTTGCCTGTGTCTGTGT,211,0
TGATCAGGCTGCCGTGGC,210,1
ACAATAGAATTAACTTAT,203,6
TGTCACCCATCTTGCAAT,207,12
CCATCTCGAGTAGCTCAA,236,0
AACCTAGTGGTACCTAGA,222,4
CTCGCAGTAATGGGGTTT,202,6
AACCTATAGTCGATGGCG,207,4
GCCCTCTATTGTATTTGC,218,4
GCTCAAACGAGCCATCCC,215,3
AACGCCGTCCCGATACAG,244,1
CTGTGTACCTGAGTCCCG,200,4
AGCGAGCTGAAAGTCCCG,248,1
GCGAATAAGTACCTGTGT,204,4
TGCGGAGCAGGAGCCTAG,207,11
ACCTGACATGATAGGACT,224,4
ACGAGCGCTGTGGCCTAG,260,6
CAACAACACAAGCTCGCA,207,1
CGTGGCAACCTATGAAGC,223,0
GCAGGACGCTTGATCAAC,227,2
ACAATATCGTAAGTCCCG,208,1
TATGTATGTGCGAAGCGG,209,1
ACGAGCCCGCTAAGGACT,237,6
CGGCAGCATGATCATCCC,229,6
CGGCAGCCATCTATGCTT,220,3
ACACCCAACCTACGCTTG,200,2
CCTTTCGAGGAGTATGTA,217,8
GAGGAGACGTTGTGTGCG,256,0
TTAACTGGGCGAAAAGTT,200,1
CAAAGTACGTTGTGTGCG,204,4
CTCGCACCGACGTGCAAT,255,9
TGCGGATATTGTAGGACT,236,5
TTCATAACGTTGGCCCTC,206,1
TTCCGCATCTCTTTCATA,211,2
TTTAGGCATGATCCGCTA,220,6
AACCTACTGAAAATGGCG,202,4
TTAACTGCTCAAGCGTCC,240,0
ATCAACGGGTTTAGTCGT,215,0
GAGGAGCAACAAATGCTT,209,4
GCGAATAGCGAGTGGATG,271,0
TCTACCCTCGCATGATCA,222,2
TTTAGGGGACATTTCATA,232,4
CTCGCAGCCTAGGATCTT,230,1
ACGTTGCTGTGTGCAGGA,250,0
CTCGCAGGCTGCGCCTAG,207,3
TCTACCTACTTCTGCAAT,242,0
CAACAAGGACATCGTGGC,231,0
GGACATCGTATTATACAG,209,3
GGTACAATCAACTTTAGG,221,0
ACAATAGCAGGACATCCC,214,1
CCGACGTGGATGATGGCG,213,4
ACAATAGAGATCGCTCAA,207,4
TATGTAAAGCGGTGCGGA,200,1
CTCGCATACTTCCTGTGT,210,4
ATGGCGGTCCCGGAGATC,235,4
CGTATTTGAAGCGGCTGC,202,7
CTTCTGCGGCAGAACGCC,238,4
GAGATCGCTGTGAAAGTT,247,0
GGTACACCTAGAAGATGG,207,1
TACTTCCATCCCCCTAGA,203,1
ATCAACTAGCATAGCGAG,235,0
CTCGCAGACACTGCTCAA,271,4
AAAACGGGCTGCTCTACC,215,12
TTAACTATGCTTGAGATC,202,2
TGCGGAGACACTTAAGGG,211,5
ACTTATCGTGGCTGGATG,200,6
AGGACTAGGGTCCTGTGT,229,3
AGGACTGGACATCTGTGT,221,2
CTTCTGACTTATCATGAT,226,0
TATGTAAAAGTTCTGTGT,205,1
GATCTTGAATTACCTAGA,204,2
GGACATTCGGGTGCTGTG,202,0
ACAATAGGACATCCGCTA,239,3
ATGGCGTTCCGCCATCCC,207,3
CTCGCAGGGTTTTACTTC,247,0
CTGAAATAGCATCCAGAC,220,0
TAGCATGCTCAATAGTCG,211,1
TCTACCACGAGCATCAAC,222,3
AGGACTCAACAACCGACG,224,6
CTCGCAGACACTTCTACC,219,6
TCTACCCAACAATAAGGG,202,4
TTTAGGTTCATATGAAGC,204,1
ATTTGCATGGCGACAATA,209,11
GTGGTAGCCTAGGAATTA,212,7
CATCCCACTTATGAGATC,226,11
TGCGGACAAAGTTTCATA,210,1
AACGCCCATGATCAACAA,201,1
CTCGCAGCTCAAATTCCA,229,3
TCGTAATGCAATTTTAGG,202,1
GTTGCCAAAGTTGCAGGA,206,2
AAGCGGGGCTGCAACGCC,261,4
ATCTCTGCGTCCACTTAT,215,12
TTTAGGGGGTTTCGTATT,227,1
TGATCATAGCATGCAGGA,332,8
CAACAAACGAGCTTGGAC,217,11
CCGACGCAACAAATGGCG,277,3
CCTTTCGGTACACTGAAA,221,7
CCGACGGGCTGCTGAAGC,251,4
GGTACAGAGATCGCAGGA,235,3
CATCCCCCAGACCGTGGC,244,11
AAGTACCACAAGGTAATG,234,12
ACAATAATGGCGGCAGGA,210,3
CTGTGTGGCTGCATTCCA,242,4
CTCGCAGCAGGAACCTGA,223,1
TCAAAGATTCCAACAATA,218,4
CACAAGGCTCAAAGGGTC,256,0
TCGTAAGGCTGCGACACT,235,1
TGGATGGCTGTGGTCCCG,205,4
CTCGCAGCTCAAATACAG,239,4
CTCGCATGCAATGCTCAA,237,4
TATGTATTTAGGTTTAGG,218,13
GAACGCGAGATCTCGTAA,207,4
CCAGACGTCGGTTGAAGC,220,0
TGAAGCATTTGCTAAGGG,241,0
AGGACTACTTATAAAACG,252,0
GCTGTGCTCCATCAAAGT,205,1
GGACATTTCATATAGTCG,212,1
GGCTGCGCAGGAAGGACT,208,1
ACGAGCCATCCCTAGTCG,200,6
TATGTAGTAATGATACAG,209,4
TAGTCGATTCCAATTTGC,217,0
TTCCGCTACTTCGCGAAT,202,2
AAGTACCTTCTGCTCGCA,213,2
ATACAGTAGAGATAGAGA,214,6
GCTGTGGAGGAGTCAAAG,216,4
TGCAATAGATGGAGGACT,230,4
ACCTGACGCTTGCCGCTA,219,4
AACCTAACGAGCTCGTAA,202,3
CCGACGTAGCATGTCCCG,220,6
CCGCTACCAGACGCCTAG,232,2
TGCAATGACACTGAGATC,201,3
TTTAGGGGCTGCCTGTGT,221,1
ACACCCCATGATAAGTAC,211,2
ATACAGGTAATGCCGCTA,236,1
GAGGAGAGGGTCCTCCAT,219,8
CTCGCATGGATGTTCATA,232,4
CCGACGACGTTGTAGAGA,244,1
CTCGCAGCGAATGCAGGA,203,0
CTCGCAACAATAGTCGGT,230,12
GGGCGAGCCCTCCATGAT,255,8
ATGGCGCCATCTGTCCCG,244,0
TGCGGAAGTTTACATCCC,214,7
TGTGCGTAAGGGGCTCAA,228,6
CCTTTCATCTCTTGTGCG,206,0
CCGACGGCTGTGTTTAGG,211,1
CGGCAGATCAACAGCGAG,204,6
AAGCGGTTGGACTTCATA,231,0
CTCGCAGGGTTTGGGTTT,212,4
GCAGGACGCACCTGATCA,200,4
AATAAACCGCTAATGCTT,220,4
CCTAGACAACAACGCTTG,216,1
CCGACGTTTAGGTAGAGA,207,4
AGTCGTGTGGTACCGCTA,200,1
CCTTTCTTTAGGATACAG,229,2
GCCTAGCATGATAAAACG,235,0
TCGGGTCGTATTTACTTC,209,3
CTCGCAGGACATGCGTCC,255,2
TACTTCGGACATGTAATG,242,0
AACGCCGAATTATGAAGC,203,3
TCTACCGGGTTTATTCCA,236,6
ACGAGCGCCCTCGTCCCG,229,0
GAGGAGTTGGACATTCCA,210,6
CGGCAGATCAACCTCCAT,222,1
TAGTCGTGCAATAGCGAG,214,0
ATGCTTTAGTCGACTTAT,206,2
CTGTGTATGGCGCTTCTG,248,6
TGCAATCCAGACGCTCAA,211,3
AATAAAGGACATCTGTGT,239,0
CCGACGCGTGGCTCTACC,209,3
CCGCTATTGGACGCTCAA,217,1
CGCACCCATGATTGAAGC,226,4
TTAACTAGGGTCTAGAGA,208,0
ATTCCATGCAATGTCCCG,205,2
TAAGGGCATCCCAGCGAG,218,0
CCGACGGGGTTTTTGGAC,207,3
TCAAAGATTTGCCGGCAG,222,0
CTCCATATCAACGAACGC,201,1
TCGGGTTTCATACTTCTG,226,9
GCGAATAGATGGCCAGAC,221,1
TATGTAATCAACTTGGAC,229,6
CCTTTCAGGACTTAGTCG,215,2
GGCTGCTAAGGGTCGTAA,203,1
TTCATAACCTGATGATCA,200,3
TTCCGCGCTCAAGTCGGT,246,4
CTCCATGCTCAAAGGACT,212,3
TATGTACATGATGCAGGA,230,6
TTCCGCACGAGCCATCCC,283,6
GCGAATCCGCTAGTCGGT,247,1
AAAACGCATGATGTCCCG,206,1
CGAGTATGGATGTGTGCG,216,4
TAGTCGGAGATCCACAAG,234,11
TGATCATCACTTTACTTC,201,3
CGTATTAGTCGTAGTTTA,261,8
AAAGTTGCTCAAGCAGGA,216,5
CCAGACGGACATACCTGA,206,2
CCGACGTGAAGCATACAG,208,1
CTGTGTCACAAGGAATTA,204,4
GGTACAATTCCACCGACG,225,0
TCAAAGGATCTTGTCCCG,204,0
CAAAGTCATGATAGATGG,208,1
ATCTCTAGTCGTACAATA,227,4
ATGCTTGCTCAAATGGCG,202,3
ATTTGCCATGATGCTGTG,203,2
TTCATAGTCGGTATACAG,210,12
CTCGCAACGTTGCAAAGT,263,1
ACGTTGCCGACGTAGTCG,202,4
AAAACGGCTGTGATTCCA,217,0
TTAACTCTGTGTATTTGC,247,0
ACCTGAACCTGAGGGTTT,212,3
GCGAATGCCCTCGAATTA,204,11
TGTGCGCATGATTAGAGA,222,1
GAACGCTGTGCGTGGATG,204,4
GCGAATGCTCAAGCAGGA,212,6
TCTACCGGACATGGCTGC,226,7
AACGCCTCGTAAGAACGC,206,0
ACACCCCCGACGGTCGGT,204,10
GCTGTGGTCGGTCTGTGT,204,3
TCAAAGAAGCGGGAGGAG,208,0
TGAAGCCTCGCAAACGCC,206,3
TCGGGTATCAACGGGTTT,205,4
CTTCTGGCCCTCGTCCCG,223,0
GCGAATCTCCATTGAAGC,200,0
CCGACGGGGTTTTGAAGC,249,3
ATACAGAAGTACAGGACT,209,2
ACGAGCGGTACAATTTGC,213,4
CTCGCAGCAGGACCGCTA,227,2
ACGAGCTAGAGAATTTGC,210,4
CAAAGTCGTATTTGATCA,218,0
TATGTATTTAGGCGTGGC,212,1
TGCGGACACAAGGCCCTC,204,1
ATGCTTGGCTGCAGGACT,253,0
CATCCCACGAGCGAGATC,224,0
TCTACCCCATCTCCGCTA,246,3
ACGTTGGCTGTGTTGGAC,202,3
AGCGAGATTCCAGCTCAA,231,0
GCAGGATTCATATACTTC,201,0
TCACTTCATGATTTTAGG,253,0
ACGAGCCTCCATGTCCCG,200,3
CATCCCCGGCAGAGATGG,221,0
ATTCCATCTACCAGGACT,234,1
TGCGGACACAAGAGATGG,211,0
TCAAAGGCTGTGTGTGCG,212,1
GGCTGCCGCTTGATACAG,234,3
TCTACCGTAATGATTCCA,258,0
CTCGCATATTGTATTCCA,241,6
TTGGACAACGCCAAAACG,213,8
TATGTAAAAACGTGCAAT,233,4
TTTAGGGGACATTAGAGA,206,1
CTCGCAAACGCCGCAGGA,224,3
GAGGAGTTGGACCTCCAT,247,0
CACAAGGGACATCTTCTG,215,7
TTCCGCCGTGGCACAATA,210,3
TGCGGATAAGGGCTGTGT,208,1
TGTCACTCGTAAGTAATG,221,8
TTAACTGATCTTTCTACC,217,8
CCGACGGCTCAAGCTCAA,234,10
CCGACGATGGCGTTTAGG,213,3
TAGTCGTTTAGGGAATTA,222,0
TGATCAACGTTGGAGATC,200,2
TATGTAGGACATTGAAGC,219,1
TTCCGCGCAGGATTCATA,213,1
CCGACGAGATGGATGGCG,203,3
CTCGCAGCCCTCATACAG,204,8
ATCTCTAGCGAGGAGATC,219,0
GCCCTCCAAAGTAAAGTT,232,0
CTTCTGCGTGGCCCGCTA,222,0
CCGACGCCATCTCTCCAT,238,1
TAGTCGGGGCGATTAACT,201,2
ACCTGAAGATGGGCGTCC,208,6
TGATCACCAGACTTGGAC,222,1
TGTGCGTCTACCATACAG,224,0
CTCGCAAGGACTAGATGG,201,1
GCCTAGGGGTTTTGAAGC,213,2
GCGAATCGTATTTTCATA,220,4
AATAAATGGATGGTGGTA,242,0
CGCACCATGGCGATCAAC,215,6
GAGGAGGCCTAGTCAAAG,209,1
GAGATCCAACAAGCTCAA,212,3
CTTCTGGGCTGCATCAAC,212,0
ATTCCAAACGCCAGGACT,200,2
CGAGTACGAGTACCGCTA,203,3
GATCTTCGGCAGGCCCTC,211,6
TTAACTCATGATGTTGCC,201,2
CTCCATATCAACGTCGGT,204,4
CTCGCACCGCTACTGAAA,200,6
TGCGGACATGATCCGACG,217,4
AACGCCGGACATGAGATC,214,2
TCTACCCAACAATCTACC,257,11
AGATGGGTAATGGCCTAG,216,8
CCGACGTTCATAAAAGTT,200,4
GAACGCCCTTTCTATTGT,243,8
TGCGGACCGCTAATCAAC,222,3
ATTCCAAGCGAGCCATCT,244,0
TTCCGCCATCCCATTTGC,218,8
ACTTATATGGCGATGGCG,203,6
ACTTATCCAGACTGTGCG,207,8
TCACTTAGGACTCGTGGC,217,0
TTCATACATGATTGCAAT,210,3
GAACGCCGTATTTTCATA,205,4
ATACAGCTCGCAGCCCTC,263,1
GGGCGAGCAGGACTGTGT,202,0
TCTACCATTCCAGGGTTT,223,0
CGCTTGTTTAGGCGTGGC,201,0
TTAACTCGTATTCATGAT,207,2
GGGCGAGAGATCGCAGGA,207,0
GCAGGAAGGACTGAGATC,204,8
TTCCGCTTTAGGGAGATC,203,4
TTGGACCGTATTGTAATG,205,4
CAAAGTGCGTCCTGAAGC,200,1
CTCGCAAGATGGGTCCCG,233,0
CTCGCAGCTGTGGGCTGC,211,4
GCTGTGTAGTCGTGAAGC,204,1
GTTGCCCCGACGTCTACC,200,3
TAAGGGATTCCAGTGGTA,233,0
TAGCATCCGACGGTCGGT,209,6
TATGTACATGATTGTCAC,220,7
ATCAACGCGTCCCGTGGC,215,0
AACCTACCAGACGCTCAA,203,2
ATACAGCCATCTTAGAGA,227,2
TCGGGTAGATGGAGCGAG,202,2
AACCTACGGCAGATGGCG,209,6
TGCGGAGCTCAAAAAGTT,201,6
GCGTCCTACTTCAAGTAC,218,4
CTCGCACCGACGTTCATA,211,4
GGGCGATTCCGCGCCTAG,219,0
CCGACGCTTCTGTAGTCG,220,3
ACACCCACGTTGCTTCTG,230,1
TATGTAATGGCGATTCCA,200,6
TCGTAAGGACATGCTCAA,202,3
CACAAGGGGTTTACGAGC,200,0
CCGACGCTCGCAATTTGC,214,2
GCGAATAAAGTTCCTAGA,214,0
CCGACGGCTGTGGCTGTG,215,1
CATGATATCAACTACTTC,200,1
ATACAGTTGGACGGGTTT,200,0
AATAAATTTAGGAAAACG,203,1
CCAGACTGCAATATGGCG,220,2
CCAGACTGGATGATACAG,218,4
AAAACGATTCCACCAGAC,204,2
ACAATATCGGGTTAAGGG,210,0
CCAGACTTCATAGCTCAA,222,11
ATCTCTAACGCCAGGACT,208,1
AACCTACGTGGCATCAAC,201,4
TGTCACCGTATTAGATGG,210,1
CTCGCATTCCGCCCAGAC,215,3
AACCTAGGCTGCTAGAGA,224,11
CTCGCATAAGGGTCACTT,206,11
CTGTGTGCCTAGTGTGCG,206,6
CCAGACCTGTGTGTCCCG,203,3
CCGCTAGACACTCCGCTA,214,3
CATGATGCTCAACCATCT,207,1
CCGCTATTGGACCATGAT,215,2
ACGTTGCGCTTGCATCCC,206,3
CCGACGCGTATTCAACAA,213,6
CCAGACGCGAATTGTGCG,242,1
CCGCTACCGCTAATTTGC,208,6
ATCAACGGGTTTTGCAAT,217,0
TAGCATCAACAATCGGGT,208,0
CCGACGATACAGACAATA,202,2
CTGTGTCTGTGTTAGAGA,200,4
GCTGTGAATAAAATCTCT,207,0
TGGATGCAAAGTCTCCAT,210,8
AACGCCACGAGCGTTGCC,200,3
ATGGCGCCAGACGGGTTT,216,4
CTGTGTCGCACCTGCAAT,228,6
CCGACGGCTCAAAGTCGT,205,1
CTCGCACTGTGTGGGTTT,240,6
CTGTGTCACAAGTCAAAG,200,6
AACGCCCCGACGATACAG,200,4
TAGCATCGAGTAGCAGGA,202,11
GCGTCCCATCCCAGCGAG,228,0
CCGACGCTGTGTAGTCGT,205,6
CCGCTATGCAATGCTGTG,203,3
TATGTATGTGCGAGGACT,200,3
CCGACGGCTCAACGCTTG,212,4
TCTACCCCGCTATCAAAG,203,4
CTCGCATTCATATTTAGG,203,3
GAACGCCGCTTGTGCAAT,209,4
CCGACGGCCTAGAGCGAG,216,3
CCGACGATCAACAAAACG,200,6
GCAGGACCGACGTCGTAA,204,1
GTATACTGGATGATACAG,201,0
ACACCCGCAGGATGCAAT,218,4
ATTTGCATTTGCTCGTAA,200,1
CTCGCACCAGACGCTCAA,211,1
GCTGTGAGATGGTAGTCG,202,0
TTTAGGGAATTAGGCTGC,220,2
GAACGCATGGCGTAGAGA,215,6
GCTGTGGCAGGAATCAAC,202,3
GCAGGAGTATACAAGCGG,213,1
ATGGCGATCAACGCAGGA,218,0
TTCCGCGCGTCCCCATCT,200,2
CCGACGCAAAGTGCTCAA,208,4
CGCACCAACGCCTGAAGC,202,1
TACTTCGTCGGTTAGAGA,200,0
GCAGGATTGGACTTGGAC,211,8
CTCGCATGAAGCCGTATT,201,4
CCGACGATCAACAGCGAG,200,4
CCATCTGCCCTCATACAG,201,0
GCGAATGGACATTGCAAT,208,4
GTAATGGAATTATAGAGA,205,7
ATTTGCCCGCTATTCATA,210,3
TCTACCTTGGACCCGACG,202,4
CTCGCAAGGACTTGAAGC,221,2
CTCGCAGAATTAGCAGGA,231,3
ATTCCAACGTTGGGCTGC,206,1
CTCGCAGCGTCCGCTCAA,244,6
CCGACGGGGTTTACACCC,230,3
GAACGCGCAGGAGAGATC,205,3
ACCTGACTCGCACCGCTA,253,9
CCGACGCGTATTGTCCCG,238,3
CTCGCAACGTTGAACGCC,241,6
CTCGCACCGCTAATACAG,203,3
CTCGCACGGCAGCTTCTG,221,6
TGAAGCCTCGCAACACCC,200,0
AGTTTACAACAAAGCGAG,203,3
CCGACGGGCTGCATACAG,210,4
CCGACGCCAGACGCTCAA,204,3
CTCGCAGGGTTTTAGAGA,223,3
